sample_id,text_id,speaker_id,take_id,transcript,ideal_audio,participant_audio,flaw_type,severity,flaw_sentence,source_type,source_license,consent,mic,room,noise_condition,sha256,duration_s,split,peak_dbfs,snr_db,qc_status
S001,T1,SPK01,ideal_1,"Good morning everyone, and thank you for joining the Q3 financial review for the Bengaluru division of Vertex Solutions. Our quarterly revenue exceeded expectations by roughly fourteen point five percent, reaching a record high of two hundred and eighty crore rupees. Much of this growth was driven by the successful launch of the new enterprise software suite in late August, which captured a significant market share from our primary competitors. However, we did face some unexpected supply chain disruptions in September that slightly delayed the rollout of our hardware components across five key distribution centers in Maharashtra and Karnataka. Moving into the fourth quarter, our primary focus will be on expanding our footprint in the tier-two markets while maintaining our current operational efficiency. Please review the detailed spreadsheet I sent out this morning, and we will reconvene on Thursday at two thirty PM to discuss our strategic priorities for the upcoming fiscal year.",T1_ideal_1.wav,T1_ideal_1.wav,none,0,"However, we did face some unexpected supply chain disruptions in September that slightly delayed the rollout of our hardware components across five key distribution centers in Maharashtra and Karnataka.",real,CC-BY-4.0,yes,phone,indoor_quiet,clean,70fea0f95a942c51dc17f0f118652a739c88c3ccec5f13508d70b83fac21fa8f,79.125,train,-9.81,39.76,PASS
S002,T1,SPK01,ideal_1,"Good morning everyone, and thank you for joining the Q3 financial review for the Bengaluru division of Vertex Solutions. Our quarterly revenue exceeded expectations by roughly fourteen point five percent, reaching a record high of two hundred and eighty crore rupees. Much of this growth was driven by the successful launch of the new enterprise software suite in late August, which captured a significant market share from our primary competitors. However, we did face some unexpected supply chain disruptions in September that slightly delayed the rollout of our hardware components across five key distribution centers in Maharashtra and Karnataka. Moving into the fourth quarter, our primary focus will be on expanding our footprint in the tier-two markets while maintaining our current operational efficiency. Please review the detailed spreadsheet I sent out this morning, and we will reconvene on Thursday at two thirty PM to discuss our strategic priorities for the upcoming fiscal year.",T1_ideal_1.wav,T1_ideal_1.wav,none,0,"However, we did face some unexpected supply chain disruptions in September that slightly delayed the rollout of our hardware components across five key distribution centers in Maharashtra and Karnataka.",real,CC-BY-4.0,yes,phone,indoor_quiet,clean,c235f896176718d6b8ddfa2da80d36f921db56ef96eead57c6a4496338292d1d,78.251,train,-10.69,37.83,PASS
S003,T1,SPK01,deadpause,"Good morning everyone, and thank you for joining the Q3 financial review for the Bengaluru division of Vertex Solutions. Our quarterly revenue exceeded expectations by roughly fourteen point five percent, reaching a record high of two hundred and eighty crore rupees. Much of this growth was driven by the successful launch of the new enterprise software suite in late August, which captured a significant market share from our primary competitors. However, we did face some unexpected supply chain disruptions in September that slightly delayed the rollout of our hardware components across five key distribution centers in Maharashtra and Karnataka. Moving into the fourth quarter, our primary focus will be on expanding our footprint in the tier-two markets while maintaining our current operational efficiency. Please review the detailed spreadsheet I sent out this morning, and we will reconvene on Thursday at two thirty PM to discuss our strategic priorities for the upcoming fiscal year.",T1_ideal_1.wav,T1_deadpause.wav,dead_pause,3,"However, we did face some unexpected supply chain disruptions in September that slightly delayed the rollout of our hardware components across five key distribution centers in Maharashtra and Karnataka.",real,CC-BY-4.0,yes,phone,indoor_quiet,clean,2cb5c58ebfafcf8ab74fe01a9f861a57410dafd0895e33b05201091940f7b6e5,79.744,train,-7.63,41.41,PASS
S004,T1,SPK01,ideal_2,"Good morning everyone, and thank you for joining the Q3 financial review for the Bengaluru division of Vertex Solutions. Our quarterly revenue exceeded expectations by roughly fourteen point five percent, reaching a record high of two hundred and eighty crore rupees. Much of this growth was driven by the successful launch of the new enterprise software suite in late August, which captured a significant market share from our primary competitors. However, we did face some unexpected supply chain disruptions in September that slightly delayed the rollout of our hardware components across five key distribution centers in Maharashtra and Karnataka. Moving into the fourth quarter, our primary focus will be on expanding our footprint in the tier-two markets while maintaining our current operational efficiency. Please review the detailed spreadsheet I sent out this morning, and we will reconvene on Thursday at two thirty PM to discuss our strategic priorities for the upcoming fiscal year.",T1_ideal_1.wav,T1_ideal_2.wav,none,0,"However, we did face some unexpected supply chain disruptions in September that slightly delayed the rollout of our hardware components across five key distribution centers in Maharashtra and Karnataka.",real,CC-BY-4.0,yes,phone,indoor_quiet,clean,5930ad4d8caae6803f46b02913f190ed7ea80f35b2902cfe68c86642c1da9299,68.096,train,-8.05,36.87,PASS
S005,T1,SPK01,rushed,"Good morning everyone, and thank you for joining the Q3 financial review for the Bengaluru division of Vertex Solutions. Our quarterly revenue exceeded expectations by roughly fourteen point five percent, reaching a record high of two hundred and eighty crore rupees. Much of this growth was driven by the successful launch of the new enterprise software suite in late August, which captured a significant market share from our primary competitors. However, we did face some unexpected supply chain disruptions in September that slightly delayed the rollout of our hardware components across five key distribution centers in Maharashtra and Karnataka. Moving into the fourth quarter, our primary focus will be on expanding our footprint in the tier-two markets while maintaining our current operational efficiency. Please review the detailed spreadsheet I sent out this morning, and we will reconvene on Thursday at two thirty PM to discuss our strategic priorities for the upcoming fiscal year.",T1_ideal_1.wav,T1_rushed.wav,rushed_pace,3,"However, we did face some unexpected supply chain disruptions in September that slightly delayed the rollout of our hardware components across five key distribution centers in Maharashtra and Karnataka.",real,CC-BY-4.0,yes,phone,indoor_quiet,clean,f1981fa7c3a2e1ca5b825112736f69003345a2c0a4b01405c1fea5726eccf771,64.491,train,-7.3,36.14,PASS
S006,T2,SPK01,deadpause,"The recent clinical trial conducted at the All India Institute of Medical Sciences has revealed promising developments in the treatment of chronic autoimmune disorders. Researchers administered a novel synthetic peptide, designated as AX-742, to a cohort of one hundred and fifty adult patients over a six-month observation period. Preliminary data suggests a statistically significant reduction in inflammatory biomarkers, specifically interleukin-six and tumor necrosis factor alpha, in nearly eighty percent of the participants. Despite these encouraging efficacy results, a small subset of patients experienced mild gastrointestinal distress and transient headaches during the initial two weeks of the dosage escalation phase. Furthermore, the longitudinal analysis indicates that the therapeutic benefits are sustained even after the medication frequency is reduced to a bi-weekly subcutaneous injection. The research team is now preparing to submit their comprehensive findings to the Indian Journal of Medical Research and hopes to initiate Phase III trials by early next spring.",T2_ideal_1.wav,T2_deadpause.wav,dead_pause,3,"Despite these encouraging efficacy results, a small subset of patients experienced mild gastrointestinal distress and transient headaches during the initial two weeks of the dosage escalation phase.",real,CC-BY-4.0,yes,phone,indoor_quiet,clean,80fe250e90e6a98d2ad211ec9df9b8677a1f4f87c2d3d541ee849bc8c7ef58d6,86.293,train,-8.9,41.22,PASS
S007,T2,SPK01,flaw,"The recent clinical trial conducted at the All India Institute of Medical Sciences has revealed promising developments in the treatment of chronic autoimmune disorders. Researchers administered a novel synthetic peptide, designated as AX-742, to a cohort of one hundred and fifty adult patients over a six-month observation period. Preliminary data suggests a statistically significant reduction in inflammatory biomarkers, specifically interleukin-six and tumor necrosis factor alpha, in nearly eighty percent of the participants. Despite these encouraging efficacy results, a small subset of patients experienced mild gastrointestinal distress and transient headaches during the initial two weeks of the dosage escalation phase. Furthermore, the longitudinal analysis indicates that the therapeutic benefits are sustained even after the medication frequency is reduced to a bi-weekly subcutaneous injection. The research team is now preparing to submit their comprehensive findings to the Indian Journal of Medical Research and hopes to initiate Phase III trials by early next spring.",T2_ideal_1.wav,T2_flaw.wav,flat_pitch,3,"Despite these encouraging efficacy results, a small subset of patients experienced mild gastrointestinal distress and transient headaches during the initial two weeks of the dosage escalation phase.",real,CC-BY-4.0,yes,phone,indoor_quiet,clean,457497917b419e5fee56ba4fec97f98052e6dedacdb6ef9ff01db94295f4c186,91.456,train,-9.35,38.82,PASS
S008,T2,SPK01,ideal_1,"The recent clinical trial conducted at the All India Institute of Medical Sciences has revealed promising developments in the treatment of chronic autoimmune disorders. Researchers administered a novel synthetic peptide, designated as AX-742, to a cohort of one hundred and fifty adult patients over a six-month observation period. Preliminary data suggests a statistically significant reduction in inflammatory biomarkers, specifically interleukin-six and tumor necrosis factor alpha, in nearly eighty percent of the participants. Despite these encouraging efficacy results, a small subset of patients experienced mild gastrointestinal distress and transient headaches during the initial two weeks of the dosage escalation phase. Furthermore, the longitudinal analysis indicates that the therapeutic benefits are sustained even after the medication frequency is reduced to a bi-weekly subcutaneous injection. The research team is now preparing to submit their comprehensive findings to the Indian Journal of Medical Research and hopes to initiate Phase III trials by early next spring.",T2_ideal_1.wav,T2_ideal_1.wav,none,0,"Despite these encouraging efficacy results, a small subset of patients experienced mild gastrointestinal distress and transient headaches during the initial two weeks of the dosage escalation phase.",real,CC-BY-4.0,yes,phone,indoor_quiet,clean,4c6f4f5ed78e74b9fed0b275cf632a47abd98fcd24bb968aca13601917ad2782,87.616,train,-7.14,39.66,PASS
S009,T2,SPK01,ideal_2,"The recent clinical trial conducted at the All India Institute of Medical Sciences has revealed promising developments in the treatment of chronic autoimmune disorders. Researchers administered a novel synthetic peptide, designated as AX-742, to a cohort of one hundred and fifty adult patients over a six-month observation period. Preliminary data suggests a statistically significant reduction in inflammatory biomarkers, specifically interleukin-six and tumor necrosis factor alpha, in nearly eighty percent of the participants. Despite these encouraging efficacy results, a small subset of patients experienced mild gastrointestinal distress and transient headaches during the initial two weeks of the dosage escalation phase. Furthermore, the longitudinal analysis indicates that the therapeutic benefits are sustained even after the medication frequency is reduced to a bi-weekly subcutaneous injection. The research team is now preparing to submit their comprehensive findings to the Indian Journal of Medical Research and hopes to initiate Phase III trials by early next spring.",T2_ideal_1.wav,T2_ideal_2.wav,none,0,"Despite these encouraging efficacy results, a small subset of patients experienced mild gastrointestinal distress and transient headaches during the initial two weeks of the dosage escalation phase.",real,CC-BY-4.0,yes,phone,indoor_quiet,clean,32735e94e9613a3d40de03be09a539aa6f4a59fe37dd58d828bf68b916006721,84.224,train,-6.44,39.01,PASS
S010,T2,SPK01,rushed,"The recent clinical trial conducted at the All India Institute of Medical Sciences has revealed promising developments in the treatment of chronic autoimmune disorders. Researchers administered a novel synthetic peptide, designated as AX-742, to a cohort of one hundred and fifty adult patients over a six-month observation period. Preliminary data suggests a statistically significant reduction in inflammatory biomarkers, specifically interleukin-six and tumor necrosis factor alpha, in nearly eighty percent of the participants. Despite these encouraging efficacy results, a small subset of patients experienced mild gastrointestinal distress and transient headaches during the initial two weeks of the dosage escalation phase. Furthermore, the longitudinal analysis indicates that the therapeutic benefits are sustained even after the medication frequency is reduced to a bi-weekly subcutaneous injection. The research team is now preparing to submit their comprehensive findings to the Indian Journal of Medical Research and hopes to initiate Phase III trials by early next spring.",T2_ideal_1.wav,T2_rushed.wav,rushed_pace,3,"Despite these encouraging efficacy results, a small subset of patients experienced mild gastrointestinal distress and transient headaches during the initial two weeks of the dosage escalation phase.",real,CC-BY-4.0,yes,phone,indoor_quiet,clean,397282beccc1959bdcd3a0a034f092250a7b65583d11eb11e34cba101a55126e,75.968,train,-8.35,37.68,PASS
S011,T3,SPK01,deadpause,"Welcome to the introductory tutorial on deploying scalable microservices using the latest version of the Kubernetes orchestration platform. In this module, we will explore how to configure your YAML manifest files to define replica sets, persistent volume claims, and internal cluster networking. It is absolutely crucial to understand the differences between a NodePort service and a LoadBalancer service when exposing your application to external traffic on AWS Mumbai region or Azure Central India. If you encounter any unexpected CrashLoopBackOff errors, you should immediately check the pod logs and verify that your Docker container has the correct environment variables injected. Remember that implementing proper readiness and liveness probes will significantly improve the overall resilience and availability of your distributed application under heavy load. Once you have successfully deployed the backend API, proceed to chapter four where we integrate the Redis caching layer and configure the automated CI/CD pipeline using GitHub Actions.",T3_ideal_1.wav,T3_deadpause.wav,dead_pause,3,"If you encounter any unexpected CrashLoopBackOff errors, you should immediately check the pod logs and verify that your Docker container has the correct environment variables injected.",real,CC-BY-4.0,yes,phone,indoor_quiet,clean,4ca4b8f2fe5541ae5e5a756073ed92d5b0ccb6e74abd0c8a68e0102a07eb0a09,81.045,train,-8.33,41.74,PASS
S012,T3,SPK01,ideal_1,"Welcome to the introductory tutorial on deploying scalable microservices using the latest version of the Kubernetes orchestration platform. In this module, we will explore how to configure your YAML manifest files to define replica sets, persistent volume claims, and internal cluster networking. It is absolutely crucial to understand the differences between a NodePort service and a LoadBalancer service when exposing your application to external traffic on AWS Mumbai region or Azure Central India. If you encounter any unexpected CrashLoopBackOff errors, you should immediately check the pod logs and verify that your Docker container has the correct environment variables injected. Remember that implementing proper readiness and liveness probes will significantly improve the overall resilience and availability of your distributed application under heavy load. Once you have successfully deployed the backend API, proceed to chapter four where we integrate the Redis caching layer and configure the automated CI/CD pipeline using GitHub Actions.",T3_ideal_1.wav,T3_ideal_1.wav,none,0,"If you encounter any unexpected CrashLoopBackOff errors, you should immediately check the pod logs and verify that your Docker container has the correct environment variables injected.",real,CC-BY-4.0,yes,phone,indoor_quiet,clean,6acf6af234409709b362708706765cea3a8f578491675f4192007266ab6cc4cc,79.68,train,-7.5,40.32,PASS
S013,T3,SPK01,ideal_2,"Welcome to the introductory tutorial on deploying scalable microservices using the latest version of the Kubernetes orchestration platform. In this module, we will explore how to configure your YAML manifest files to define replica sets, persistent volume claims, and internal cluster networking. It is absolutely crucial to understand the differences between a NodePort service and a LoadBalancer service when exposing your application to external traffic on AWS Mumbai region or Azure Central India. If you encounter any unexpected CrashLoopBackOff errors, you should immediately check the pod logs and verify that your Docker container has the correct environment variables injected. Remember that implementing proper readiness and liveness probes will significantly improve the overall resilience and availability of your distributed application under heavy load. Once you have successfully deployed the backend API, proceed to chapter four where we integrate the Redis caching layer and configure the automated CI/CD pipeline using GitHub Actions.",T3_ideal_1.wav,T3_ideal_2.wav,none,0,"If you encounter any unexpected CrashLoopBackOff errors, you should immediately check the pod logs and verify that your Docker container has the correct environment variables injected.",real,CC-BY-4.0,yes,phone,indoor_quiet,clean,f8cc869d1594294d446d075255f0618dce91afc4fe2c2c26a32d05468e5cfb6b,71.829,train,-7.76,35.61,PASS
S014,T3,SPK01,rushed,"Welcome to the introductory tutorial on deploying scalable microservices using the latest version of the Kubernetes orchestration platform. In this module, we will explore how to configure your YAML manifest files to define replica sets, persistent volume claims, and internal cluster networking. It is absolutely crucial to understand the differences between a NodePort service and a LoadBalancer service when exposing your application to external traffic on AWS Mumbai region or Azure Central India. If you encounter any unexpected CrashLoopBackOff errors, you should immediately check the pod logs and verify that your Docker container has the correct environment variables injected. Remember that implementing proper readiness and liveness probes will significantly improve the overall resilience and availability of your distributed application under heavy load. Once you have successfully deployed the backend API, proceed to chapter four where we integrate the Redis caching layer and configure the automated CI/CD pipeline using GitHub Actions.",T3_ideal_1.wav,T3_rushed.wav,rushed_pace,3,"If you encounter any unexpected CrashLoopBackOff errors, you should immediately check the pod logs and verify that your Docker container has the correct environment variables injected.",real,CC-BY-4.0,yes,phone,indoor_quiet,clean,feb00f7f7b9ff0135498299951256716737a01fcc931e586d8a860f54f374f37,75.563,train,-10.42,37.13,PASS
S015,T4,SPK01,deadpause,"Local authorities in downtown Mumbai are advising residents to prepare for severe weather conditions expected to arrive late tomorrow evening. Meteorologists at the Indian Meteorological Department have issued a flash flood warning for the Konkan region and the surrounding metropolitan areas following an unprecedented three inches of rainfall this morning. City officials have proactively closed the primary suspension bridge on the Bandra-Worli Sea Link, causing significant traffic delays stretching all the way back to the international airport. Emergency response teams, including the Coast Guard and local fire departments, remain on high alert and have pre-positioned rescue boats near the most vulnerable low-lying neighborhoods. Meanwhile, utility companies are working around the clock to restore power to approximately forty-five thousand homes that were disconnected when strong wind gusts brought down several major transmission lines. The municipal commissioner is scheduled to hold a live press conference at the BMC headquarters at precisely six fifteen tonight to provide further updates and safety instructions for all citizens.",T4_ideal_1.wav,T4_deadpause.wav,dead_pause,3,"Emergency response teams, including the Coast Guard and local fire departments, remain on high alert and have pre-positioned rescue boats near the most vulnerable low-lying neighborhoods.",real,CC-BY-4.0,yes,phone,indoor_quiet,clean,70d852f17a5b3859385a91c7641aa201cfc10106b847f5e74829fa8779be4f32,94.123,val,-9.55,41.42,PASS
S016,T4,SPK01,ideal_1,"Local authorities in downtown Mumbai are advising residents to prepare for severe weather conditions expected to arrive late tomorrow evening. Meteorologists at the Indian Meteorological Department have issued a flash flood warning for the Konkan region and the surrounding metropolitan areas following an unprecedented three inches of rainfall this morning. City officials have proactively closed the primary suspension bridge on the Bandra-Worli Sea Link, causing significant traffic delays stretching all the way back to the international airport. Emergency response teams, including the Coast Guard and local fire departments, remain on high alert and have pre-positioned rescue boats near the most vulnerable low-lying neighborhoods. Meanwhile, utility companies are working around the clock to restore power to approximately forty-five thousand homes that were disconnected when strong wind gusts brought down several major transmission lines. The municipal commissioner is scheduled to hold a live press conference at the BMC headquarters at precisely six fifteen tonight to provide further updates and safety instructions for all citizens.",T4_ideal_1.wav,T4_ideal_1.wav,none,0,"Emergency response teams, including the Coast Guard and local fire departments, remain on high alert and have pre-positioned rescue boats near the most vulnerable low-lying neighborhoods.",real,CC-BY-4.0,yes,phone,indoor_quiet,clean,eeb445260b582aadf320aa9d8501cd1e6d6882e1dd2532feb1f50d7875f27d29,80.043,val,-8.19,37.4,PASS
S017,T4,SPK01,ideal_2,"Local authorities in downtown Mumbai are advising residents to prepare for severe weather conditions expected to arrive late tomorrow evening. Meteorologists at the Indian Meteorological Department have issued a flash flood warning for the Konkan region and the surrounding metropolitan areas following an unprecedented three inches of rainfall this morning. City officials have proactively closed the primary suspension bridge on the Bandra-Worli Sea Link, causing significant traffic delays stretching all the way back to the international airport. Emergency response teams, including the Coast Guard and local fire departments, remain on high alert and have pre-positioned rescue boats near the most vulnerable low-lying neighborhoods. Meanwhile, utility companies are working around the clock to restore power to approximately forty-five thousand homes that were disconnected when strong wind gusts brought down several major transmission lines. The municipal commissioner is scheduled to hold a live press conference at the BMC headquarters at precisely six fifteen tonight to provide further updates and safety instructions for all citizens.",T4_ideal_1.wav,T4_ideal_2.wav,none,0,"Emergency response teams, including the Coast Guard and local fire departments, remain on high alert and have pre-positioned rescue boats near the most vulnerable low-lying neighborhoods.",real,CC-BY-4.0,yes,phone,indoor_quiet,clean,c7d6ad65474da2137cecc728d1d20deb5ad728063a9d8937846f239fd3f855ed,72.789,val,-10.6,32.37,PASS
S018,T4,SPK01,rushed,"Local authorities in downtown Mumbai are advising residents to prepare for severe weather conditions expected to arrive late tomorrow evening. Meteorologists at the Indian Meteorological Department have issued a flash flood warning for the Konkan region and the surrounding metropolitan areas following an unprecedented three inches of rainfall this morning. City officials have proactively closed the primary suspension bridge on the Bandra-Worli Sea Link, causing significant traffic delays stretching all the way back to the international airport. Emergency response teams, including the Coast Guard and local fire departments, remain on high alert and have pre-positioned rescue boats near the most vulnerable low-lying neighborhoods. Meanwhile, utility companies are working around the clock to restore power to approximately forty-five thousand homes that were disconnected when strong wind gusts brought down several major transmission lines. The municipal commissioner is scheduled to hold a live press conference at the BMC headquarters at precisely six fifteen tonight to provide further updates and safety instructions for all citizens.",T4_ideal_1.wav,T4_rushed.wav,rushed_pace,3,"Emergency response teams, including the Coast Guard and local fire departments, remain on high alert and have pre-positioned rescue boats near the most vulnerable low-lying neighborhoods.",real,CC-BY-4.0,yes,phone,indoor_quiet,clean,4133eb386be06f1e04b879822b8dc5a56080dbacb58a154bd630c296b2842a54,75.307,val,-6.84,38.95,PASS
S019,T5,SPK01,deadpause,"The old wooden floorboards creaked loudly as Inspector Deshmukh slowly navigated the narrow hallway of the abandoned colonial mansion in Shimla. He carefully aimed his flickering flashlight toward the ceiling, revealing intricate spiderwebs that danced slightly in the cold, damp draft coming from a broken window. According to the police records from nineteen eighty-seven, this exact location was the site of a notorious art heist where three priceless Tanjore paintings vanished without a single trace. As he stepped into the main library, his boot brushed against a loose floorboard, echoing through the silent house and making his heart skip a sudden beat. Hidden beneath the dusty rug, he discovered a small, ornate brass key that looked like it belonged to an antique grandfather clock or a heavy iron safe. He slipped the strange artifact into his khaki coat pocket, knowing instinctively that this forgotten piece of evidence would finally unravel the town's oldest unsolved mystery.",T5_ideal_1.wav,T5_deadpause.wav,dead_pause,3,"As he stepped into the main library, his boot brushed against a loose floorboard, echoing through the silent house and making his heart skip a sudden beat.",real,CC-BY-4.0,yes,phone,indoor_quiet,clean,c88b225c4aabdba00c4026bb7afa5ccb368882c684b5813a3c182fdffa4a9bdf,78.08,test,-8.97,41.97,PASS
S020,T5,SPK01,flatpitch,"The old wooden floorboards creaked loudly as Inspector Deshmukh slowly navigated the narrow hallway of the abandoned colonial mansion in Shimla. He carefully aimed his flickering flashlight toward the ceiling, revealing intricate spiderwebs that danced slightly in the cold, damp draft coming from a broken window. According to the police records from nineteen eighty-seven, this exact location was the site of a notorious art heist where three priceless Tanjore paintings vanished without a single trace. As he stepped into the main library, his boot brushed against a loose floorboard, echoing through the silent house and making his heart skip a sudden beat. Hidden beneath the dusty rug, he discovered a small, ornate brass key that looked like it belonged to an antique grandfather clock or a heavy iron safe. He slipped the strange artifact into his khaki coat pocket, knowing instinctively that this forgotten piece of evidence would finally unravel the town's oldest unsolved mystery.",T5_ideal_1.wav,T5_flatpitch.wav,flat_pitch,3,"As he stepped into the main library, his boot brushed against a loose floorboard, echoing through the silent house and making his heart skip a sudden beat.",real,CC-BY-4.0,yes,phone,indoor_quiet,clean,ed92fe9a1051314e5b53a25a6f2f27f558705199c077c5418b2365632cf69b88,77.44,test,-9.93,38.43,PASS
S021,T5,SPK01,ideal_1,"The old wooden floorboards creaked loudly as Inspector Deshmukh slowly navigated the narrow hallway of the abandoned colonial mansion in Shimla. He carefully aimed his flickering flashlight toward the ceiling, revealing intricate spiderwebs that danced slightly in the cold, damp draft coming from a broken window. According to the police records from nineteen eighty-seven, this exact location was the site of a notorious art heist where three priceless Tanjore paintings vanished without a single trace. As he stepped into the main library, his boot brushed against a loose floorboard, echoing through the silent house and making his heart skip a sudden beat. Hidden beneath the dusty rug, he discovered a small, ornate brass key that looked like it belonged to an antique grandfather clock or a heavy iron safe. He slipped the strange artifact into his khaki coat pocket, knowing instinctively that this forgotten piece of evidence would finally unravel the town's oldest unsolved mystery.",T5_ideal_1.wav,T5_ideal_1.wav,none,0,"As he stepped into the main library, his boot brushed against a loose floorboard, echoing through the silent house and making his heart skip a sudden beat.",real,CC-BY-4.0,yes,phone,indoor_quiet,clean,0db14a21f424c822e85ffd4a3b350fbb587d31e47b7f1728efa773e160845c0c,70.485,test,-11.92,34.97,PASS
S022,T5,SPK01,ideal_2,"The old wooden floorboards creaked loudly as Inspector Deshmukh slowly navigated the narrow hallway of the abandoned colonial mansion in Shimla. He carefully aimed his flickering flashlight toward the ceiling, revealing intricate spiderwebs that danced slightly in the cold, damp draft coming from a broken window. According to the police records from nineteen eighty-seven, this exact location was the site of a notorious art heist where three priceless Tanjore paintings vanished without a single trace. As he stepped into the main library, his boot brushed against a loose floorboard, echoing through the silent house and making his heart skip a sudden beat. Hidden beneath the dusty rug, he discovered a small, ornate brass key that looked like it belonged to an antique grandfather clock or a heavy iron safe. He slipped the strange artifact into his khaki coat pocket, knowing instinctively that this forgotten piece of evidence would finally unravel the town's oldest unsolved mystery.",T5_ideal_1.wav,T5_ideal_2.wav,none,0,"As he stepped into the main library, his boot brushed against a loose floorboard, echoing through the silent house and making his heart skip a sudden beat.",real,CC-BY-4.0,yes,phone,indoor_quiet,clean,ef4fe99e41a0c1d54c5a11a6105a820c033ec1aada85b534c0106df2472f8f03,66.496,test,-13.19,31.58,PASS
S023,T5,SPK01,rushed,"The old wooden floorboards creaked loudly as Inspector Deshmukh slowly navigated the narrow hallway of the abandoned colonial mansion in Shimla. He carefully aimed his flickering flashlight toward the ceiling, revealing intricate spiderwebs that danced slightly in the cold, damp draft coming from a broken window. According to the police records from nineteen eighty-seven, this exact location was the site of a notorious art heist where three priceless Tanjore paintings vanished without a single trace. As he stepped into the main library, his boot brushed against a loose floorboard, echoing through the silent house and making his heart skip a sudden beat. Hidden beneath the dusty rug, he discovered a small, ornate brass key that looked like it belonged to an antique grandfather clock or a heavy iron safe. He slipped the strange artifact into his khaki coat pocket, knowing instinctively that this forgotten piece of evidence would finally unravel the town's oldest unsolved mystery.",T5_ideal_1.wav,T5_rushed.wav,rushed_pace,3,"As he stepped into the main library, his boot brushed against a loose floorboard, echoing through the silent house and making his heart skip a sudden beat.",real,CC-BY-4.0,yes,phone,indoor_quiet,clean,c2a3fd9c34c248e70ca1ead9241f1986b43ff74ffc7152a5d4d5e92e1036a19e,61.696,test,-11.09,32.1,PASS
S024,T6,SPK01,deadpause,"Thank you for calling the Bharat Telecom customer support center; my name is Priya, and I will be assisting you with your account upgrade today. Before we proceed with changing your subscription plan, I need to verify your identity by asking for your four-digit security PIN and the billing PIN code on file. We are currently offering a promotional discount where you can receive three months of premium access completely free if you choose to switch to our annual billing cycle. Please note that any changes made to your account during this phone call will take approximately twenty-four to forty-eight hours to fully reflect on your online dashboard. If you happen to experience any login issues after the transition, we highly recommend clearing your browser cache and cookies before attempting to reset your password. I have just sent a confirmation SMS and email to the address on your profile, so please check your phone if you do not see it in your inbox within the next ten minutes.",T6_ideal_1.wav,T6_deadpause.wav,dead_pause,3,Please note that any changes made to your account during this phone call will take approximately twenty-four to forty-eight hours to fully reflect on your online dashboard.,real,CC-BY-4.0,yes,phone,indoor_quiet,clean,55b0ccd9b50ff86aea2ca88508a7352914e8f2ec703e536779f9b507cbc03c9a,74.027,test,-8.11,42.0,PASS
S025,T6,SPK01,mumbeled,"Thank you for calling the Bharat Telecom customer support center; my name is Priya, and I will be assisting you with your account upgrade today. Before we proceed with changing your subscription plan, I need to verify your identity by asking for your four-digit security PIN and the billing PIN code on file. We are currently offering a promotional discount where you can receive three months of premium access completely free if you choose to switch to our annual billing cycle. Please note that any changes made to your account during this phone call will take approximately twenty-four to forty-eight hours to fully reflect on your online dashboard. If you happen to experience any login issues after the transition, we highly recommend clearing your browser cache and cookies before attempting to reset your password. I have just sent a confirmation SMS and email to the address on your profile, so please check your phone if you do not see it in your inbox within the next ten minutes.",T6_ideal_1.wav,T6_mumbeled.wav,mumbled_clarity,3,Please note that any changes made to your account during this phone call will take approximately twenty-four to forty-eight hours to fully reflect on your online dashboard.,real,CC-BY-4.0,yes,phone,indoor_quiet,clean,97c74d7bf91ee98747f413b7a26036061659b14b55d1f9c9cfeeffc6484327a1,73.131,test,-8.65,38.51,PASS
S026,T6,SPK01,ideal_1,"Thank you for calling the Bharat Telecom customer support center; my name is Priya, and I will be assisting you with your account upgrade today. Before we proceed with changing your subscription plan, I need to verify your identity by asking for your four-digit security PIN and the billing PIN code on file. We are currently offering a promotional discount where you can receive three months of premium access completely free if you choose to switch to our annual billing cycle. Please note that any changes made to your account during this phone call will take approximately twenty-four to forty-eight hours to fully reflect on your online dashboard. If you happen to experience any login issues after the transition, we highly recommend clearing your browser cache and cookies before attempting to reset your password. I have just sent a confirmation SMS and email to the address on your profile, so please check your phone if you do not see it in your inbox within the next ten minutes.",T6_ideal_1.wav,T6_ideal_1.wav,none,0,Please note that any changes made to your account during this phone call will take approximately twenty-four to forty-eight hours to fully reflect on your online dashboard.,real,CC-BY-4.0,yes,phone,indoor_quiet,clean,2d38472fb0070eca952ea290ef1be5d2e7c06799fc0c6c9b895617f4decbb3aa,66.88,test,-11.64,34.33,PASS
S027,T6,SPK01,ideal_2,"Thank you for calling the Bharat Telecom customer support center; my name is Priya, and I will be assisting you with your account upgrade today. Before we proceed with changing your subscription plan, I need to verify your identity by asking for your four-digit security PIN and the billing PIN code on file. We are currently offering a promotional discount where you can receive three months of premium access completely free if you choose to switch to our annual billing cycle. Please note that any changes made to your account during this phone call will take approximately twenty-four to forty-eight hours to fully reflect on your online dashboard. If you happen to experience any login issues after the transition, we highly recommend clearing your browser cache and cookies before attempting to reset your password. I have just sent a confirmation SMS and email to the address on your profile, so please check your phone if you do not see it in your inbox within the next ten minutes.",T6_ideal_1.wav,T6_ideal_2.wav,none,0,Please note that any changes made to your account during this phone call will take approximately twenty-four to forty-eight hours to fully reflect on your online dashboard.,real,CC-BY-4.0,yes,phone,indoor_quiet,clean,c7ffcd2458a115df4c2ce7700d6287b6c4da8588ce3594975d8ab751987db962,67.093,test,-13.36,33.93,PASS
S028,T6,SPK01,rushed,"Thank you for calling the Bharat Telecom customer support center; my name is Priya, and I will be assisting you with your account upgrade today. Before we proceed with changing your subscription plan, I need to verify your identity by asking for your four-digit security PIN and the billing PIN code on file. We are currently offering a promotional discount where you can receive three months of premium access completely free if you choose to switch to our annual billing cycle. Please note that any changes made to your account during this phone call will take approximately twenty-four to forty-eight hours to fully reflect on your online dashboard. If you happen to experience any login issues after the transition, we highly recommend clearing your browser cache and cookies before attempting to reset your password. I have just sent a confirmation SMS and email to the address on your profile, so please check your phone if you do not see it in your inbox within the next ten minutes.",T6_ideal_1.wav,T6_rushed.wav,rushed_pace,3,Please note that any changes made to your account during this phone call will take approximately twenty-four to forty-eight hours to fully reflect on your online dashboard.,real,CC-BY-4.0,yes,phone,indoor_quiet,clean,d9c6de57dc7cdc519524b99a12b18f7893b3665d9d18ede61485aec485e53121,60.971,test,-13.01,31.07,PASS
S029,T1,SPK01,synth_rushed_pace_sev1,"Good morning everyone, and thank you for joining the Q3 financial review for the Bengaluru division of Vertex Solutions. Our quarterly revenue exceeded expectations by roughly fourteen point five percent, reaching a record high of two hundred and eighty crore rupees. Much of this growth was driven by the successful launch of the new enterprise software suite in late August, which captured a significant market share from our primary competitors. However, we did face some unexpected supply chain disruptions in September that slightly delayed the rollout of our hardware components across five key distribution centers in Maharashtra and Karnataka. Moving into the fourth quarter, our primary focus will be on expanding our footprint in the tier-two markets while maintaining our current operational efficiency. Please review the detailed spreadsheet I sent out this morning, and we will reconvene on Thursday at two thirty PM to discuss our strategic priorities for the upcoming fiscal year.",T1_ideal_1.wav,T1_synth_rushed_pace_sev1.wav,rushed_pace,1,"However, we did face some unexpected supply chain disruptions in September that slightly delayed the rollout of our hardware components across five key distribution centers in Maharashtra and Karnataka.",synthetic_perturbation,CC-BY-4.0,yes,phone,indoor_quiet,clean,ffa42e2fdb9bf1ccee30dd0a771e46e11a85ea5c9194d5db1233914beca43af5,74.757,train,,,SYNTH
S030,T1,SPK01,synth_rushed_pace_sev2,"Good morning everyone, and thank you for joining the Q3 financial review for the Bengaluru division of Vertex Solutions. Our quarterly revenue exceeded expectations by roughly fourteen point five percent, reaching a record high of two hundred and eighty crore rupees. Much of this growth was driven by the successful launch of the new enterprise software suite in late August, which captured a significant market share from our primary competitors. However, we did face some unexpected supply chain disruptions in September that slightly delayed the rollout of our hardware components across five key distribution centers in Maharashtra and Karnataka. Moving into the fourth quarter, our primary focus will be on expanding our footprint in the tier-two markets while maintaining our current operational efficiency. Please review the detailed spreadsheet I sent out this morning, and we will reconvene on Thursday at two thirty PM to discuss our strategic priorities for the upcoming fiscal year.",T1_ideal_1.wav,T1_synth_rushed_pace_sev2.wav,rushed_pace,2,"However, we did face some unexpected supply chain disruptions in September that slightly delayed the rollout of our hardware components across five key distribution centers in Maharashtra and Karnataka.",synthetic_perturbation,CC-BY-4.0,yes,phone,indoor_quiet,clean,23b14572eebc50e74356c58f294e2787ca028341f9cb31caa292deb6a13f79d8,72.305,train,,,SYNTH
S031,T1,SPK01,synth_rushed_pace_sev3,"Good morning everyone, and thank you for joining the Q3 financial review for the Bengaluru division of Vertex Solutions. Our quarterly revenue exceeded expectations by roughly fourteen point five percent, reaching a record high of two hundred and eighty crore rupees. Much of this growth was driven by the successful launch of the new enterprise software suite in late August, which captured a significant market share from our primary competitors. However, we did face some unexpected supply chain disruptions in September that slightly delayed the rollout of our hardware components across five key distribution centers in Maharashtra and Karnataka. Moving into the fourth quarter, our primary focus will be on expanding our footprint in the tier-two markets while maintaining our current operational efficiency. Please review the detailed spreadsheet I sent out this morning, and we will reconvene on Thursday at two thirty PM to discuss our strategic priorities for the upcoming fiscal year.",T1_ideal_1.wav,T1_synth_rushed_pace_sev3.wav,rushed_pace,3,"However, we did face some unexpected supply chain disruptions in September that slightly delayed the rollout of our hardware components across five key distribution centers in Maharashtra and Karnataka.",synthetic_perturbation,CC-BY-4.0,yes,phone,indoor_quiet,clean,deeafb0bff7025849b8942ba094a33abacde21a780be928376496261eaef8dee,70.466,train,,,SYNTH
S032,T1,SPK01,synth_rushed_pace_sev4,"Good morning everyone, and thank you for joining the Q3 financial review for the Bengaluru division of Vertex Solutions. Our quarterly revenue exceeded expectations by roughly fourteen point five percent, reaching a record high of two hundred and eighty crore rupees. Much of this growth was driven by the successful launch of the new enterprise software suite in late August, which captured a significant market share from our primary competitors. However, we did face some unexpected supply chain disruptions in September that slightly delayed the rollout of our hardware components across five key distribution centers in Maharashtra and Karnataka. Moving into the fourth quarter, our primary focus will be on expanding our footprint in the tier-two markets while maintaining our current operational efficiency. Please review the detailed spreadsheet I sent out this morning, and we will reconvene on Thursday at two thirty PM to discuss our strategic priorities for the upcoming fiscal year.",T1_ideal_1.wav,T1_synth_rushed_pace_sev4.wav,rushed_pace,4,"However, we did face some unexpected supply chain disruptions in September that slightly delayed the rollout of our hardware components across five key distribution centers in Maharashtra and Karnataka.",synthetic_perturbation,CC-BY-4.0,yes,phone,indoor_quiet,clean,c83366e89684f62a437fbb4e56ed802921b87aae4d1d9dc17301cde9c6cf3ee9,69.035,train,,,SYNTH
S033,T1,SPK01,synth_dead_pause_sev1,"Good morning everyone, and thank you for joining the Q3 financial review for the Bengaluru division of Vertex Solutions. Our quarterly revenue exceeded expectations by roughly fourteen point five percent, reaching a record high of two hundred and eighty crore rupees. Much of this growth was driven by the successful launch of the new enterprise software suite in late August, which captured a significant market share from our primary competitors. However, we did face some unexpected supply chain disruptions in September that slightly delayed the rollout of our hardware components across five key distribution centers in Maharashtra and Karnataka. Moving into the fourth quarter, our primary focus will be on expanding our footprint in the tier-two markets while maintaining our current operational efficiency. Please review the detailed spreadsheet I sent out this morning, and we will reconvene on Thursday at two thirty PM to discuss our strategic priorities for the upcoming fiscal year.",T1_ideal_1.wav,T1_synth_dead_pause_sev1.wav,dead_pause,1,"However, we did face some unexpected supply chain disruptions in September that slightly delayed the rollout of our hardware components across five key distribution centers in Maharashtra and Karnataka.",synthetic_perturbation,CC-BY-4.0,yes,phone,indoor_quiet,clean,4efc33286f1e7e0db476413687ef8f78fffb8f5169c9d233d240b9ec8dd5b240,78.691,train,,,SYNTH
S034,T1,SPK01,synth_dead_pause_sev2,"Good morning everyone, and thank you for joining the Q3 financial review for the Bengaluru division of Vertex Solutions. Our quarterly revenue exceeded expectations by roughly fourteen point five percent, reaching a record high of two hundred and eighty crore rupees. Much of this growth was driven by the successful launch of the new enterprise software suite in late August, which captured a significant market share from our primary competitors. However, we did face some unexpected supply chain disruptions in September that slightly delayed the rollout of our hardware components across five key distribution centers in Maharashtra and Karnataka. Moving into the fourth quarter, our primary focus will be on expanding our footprint in the tier-two markets while maintaining our current operational efficiency. Please review the detailed spreadsheet I sent out this morning, and we will reconvene on Thursday at two thirty PM to discuss our strategic priorities for the upcoming fiscal year.",T1_ideal_1.wav,T1_synth_dead_pause_sev2.wav,dead_pause,2,"However, we did face some unexpected supply chain disruptions in September that slightly delayed the rollout of our hardware components across five key distribution centers in Maharashtra and Karnataka.",synthetic_perturbation,CC-BY-4.0,yes,phone,indoor_quiet,clean,1ad51df8712b61a8ea53e8d1545a8643bb32cfdca1fd175a53a7c81d75b7de98,79.191,train,,,SYNTH
S035,T1,SPK01,synth_dead_pause_sev3,"Good morning everyone, and thank you for joining the Q3 financial review for the Bengaluru division of Vertex Solutions. Our quarterly revenue exceeded expectations by roughly fourteen point five percent, reaching a record high of two hundred and eighty crore rupees. Much of this growth was driven by the successful launch of the new enterprise software suite in late August, which captured a significant market share from our primary competitors. However, we did face some unexpected supply chain disruptions in September that slightly delayed the rollout of our hardware components across five key distribution centers in Maharashtra and Karnataka. Moving into the fourth quarter, our primary focus will be on expanding our footprint in the tier-two markets while maintaining our current operational efficiency. Please review the detailed spreadsheet I sent out this morning, and we will reconvene on Thursday at two thirty PM to discuss our strategic priorities for the upcoming fiscal year.",T1_ideal_1.wav,T1_synth_dead_pause_sev3.wav,dead_pause,3,"However, we did face some unexpected supply chain disruptions in September that slightly delayed the rollout of our hardware components across five key distribution centers in Maharashtra and Karnataka.",synthetic_perturbation,CC-BY-4.0,yes,phone,indoor_quiet,clean,c6c9ef312b1e97f0f35ff8ad228b5145fea7aadfadc9eb06f05d758fe73115eb,79.891,train,,,SYNTH
S036,T1,SPK01,synth_dead_pause_sev4,"Good morning everyone, and thank you for joining the Q3 financial review for the Bengaluru division of Vertex Solutions. Our quarterly revenue exceeded expectations by roughly fourteen point five percent, reaching a record high of two hundred and eighty crore rupees. Much of this growth was driven by the successful launch of the new enterprise software suite in late August, which captured a significant market share from our primary competitors. However, we did face some unexpected supply chain disruptions in September that slightly delayed the rollout of our hardware components across five key distribution centers in Maharashtra and Karnataka. Moving into the fourth quarter, our primary focus will be on expanding our footprint in the tier-two markets while maintaining our current operational efficiency. Please review the detailed spreadsheet I sent out this morning, and we will reconvene on Thursday at two thirty PM to discuss our strategic priorities for the upcoming fiscal year.",T1_ideal_1.wav,T1_synth_dead_pause_sev4.wav,dead_pause,4,"However, we did face some unexpected supply chain disruptions in September that slightly delayed the rollout of our hardware components across five key distribution centers in Maharashtra and Karnataka.",synthetic_perturbation,CC-BY-4.0,yes,phone,indoor_quiet,clean,6d6d85daea1621db2c96af2f935e4a29f11005eb76142bb16e4db6307a966237,80.691,train,,,SYNTH
S037,T1,SPK01,synth_flat_pitch_sev1,"Good morning everyone, and thank you for joining the Q3 financial review for the Bengaluru division of Vertex Solutions. Our quarterly revenue exceeded expectations by roughly fourteen point five percent, reaching a record high of two hundred and eighty crore rupees. Much of this growth was driven by the successful launch of the new enterprise software suite in late August, which captured a significant market share from our primary competitors. However, we did face some unexpected supply chain disruptions in September that slightly delayed the rollout of our hardware components across five key distribution centers in Maharashtra and Karnataka. Moving into the fourth quarter, our primary focus will be on expanding our footprint in the tier-two markets while maintaining our current operational efficiency. Please review the detailed spreadsheet I sent out this morning, and we will reconvene on Thursday at two thirty PM to discuss our strategic priorities for the upcoming fiscal year.",T1_ideal_1.wav,T1_synth_flat_pitch_sev1.wav,flat_pitch,1,"However, we did face some unexpected supply chain disruptions in September that slightly delayed the rollout of our hardware components across five key distribution centers in Maharashtra and Karnataka.",synthetic_perturbation,CC-BY-4.0,yes,phone,indoor_quiet,clean,247e048486cf2ad7ef47a7c67e5d098ecaf5b85f20377b683d3ed8b47f263491,78.191,train,,,SYNTH
S038,T1,SPK01,synth_flat_pitch_sev2,"Good morning everyone, and thank you for joining the Q3 financial review for the Bengaluru division of Vertex Solutions. Our quarterly revenue exceeded expectations by roughly fourteen point five percent, reaching a record high of two hundred and eighty crore rupees. Much of this growth was driven by the successful launch of the new enterprise software suite in late August, which captured a significant market share from our primary competitors. However, we did face some unexpected supply chain disruptions in September that slightly delayed the rollout of our hardware components across five key distribution centers in Maharashtra and Karnataka. Moving into the fourth quarter, our primary focus will be on expanding our footprint in the tier-two markets while maintaining our current operational efficiency. Please review the detailed spreadsheet I sent out this morning, and we will reconvene on Thursday at two thirty PM to discuss our strategic priorities for the upcoming fiscal year.",T1_ideal_1.wav,T1_synth_flat_pitch_sev2.wav,flat_pitch,2,"However, we did face some unexpected supply chain disruptions in September that slightly delayed the rollout of our hardware components across five key distribution centers in Maharashtra and Karnataka.",synthetic_perturbation,CC-BY-4.0,yes,phone,indoor_quiet,clean,f873c7e4a6102565604ce238f30254efbc2d58c36d88d10cb2f5d399b0ab4992,78.191,train,,,SYNTH
S039,T1,SPK01,synth_flat_pitch_sev3,"Good morning everyone, and thank you for joining the Q3 financial review for the Bengaluru division of Vertex Solutions. Our quarterly revenue exceeded expectations by roughly fourteen point five percent, reaching a record high of two hundred and eighty crore rupees. Much of this growth was driven by the successful launch of the new enterprise software suite in late August, which captured a significant market share from our primary competitors. However, we did face some unexpected supply chain disruptions in September that slightly delayed the rollout of our hardware components across five key distribution centers in Maharashtra and Karnataka. Moving into the fourth quarter, our primary focus will be on expanding our footprint in the tier-two markets while maintaining our current operational efficiency. Please review the detailed spreadsheet I sent out this morning, and we will reconvene on Thursday at two thirty PM to discuss our strategic priorities for the upcoming fiscal year.",T1_ideal_1.wav,T1_synth_flat_pitch_sev3.wav,flat_pitch,3,"However, we did face some unexpected supply chain disruptions in September that slightly delayed the rollout of our hardware components across five key distribution centers in Maharashtra and Karnataka.",synthetic_perturbation,CC-BY-4.0,yes,phone,indoor_quiet,clean,8421e8eceff7654b50d9f4833b7f71cdba20490983a6ca6fe35248ad6cd57633,78.191,train,,,SYNTH
S040,T1,SPK01,synth_flat_pitch_sev4,"Good morning everyone, and thank you for joining the Q3 financial review for the Bengaluru division of Vertex Solutions. Our quarterly revenue exceeded expectations by roughly fourteen point five percent, reaching a record high of two hundred and eighty crore rupees. Much of this growth was driven by the successful launch of the new enterprise software suite in late August, which captured a significant market share from our primary competitors. However, we did face some unexpected supply chain disruptions in September that slightly delayed the rollout of our hardware components across five key distribution centers in Maharashtra and Karnataka. Moving into the fourth quarter, our primary focus will be on expanding our footprint in the tier-two markets while maintaining our current operational efficiency. Please review the detailed spreadsheet I sent out this morning, and we will reconvene on Thursday at two thirty PM to discuss our strategic priorities for the upcoming fiscal year.",T1_ideal_1.wav,T1_synth_flat_pitch_sev4.wav,flat_pitch,4,"However, we did face some unexpected supply chain disruptions in September that slightly delayed the rollout of our hardware components across five key distribution centers in Maharashtra and Karnataka.",synthetic_perturbation,CC-BY-4.0,yes,phone,indoor_quiet,clean,18234f97f3b16fce29313ad0c0d7ed073cd96a36dbff7b1ca955bb309df70e0d,78.191,train,,,SYNTH
S041,T1,SPK01,synth_mumbled_clarity_sev1,"Good morning everyone, and thank you for joining the Q3 financial review for the Bengaluru division of Vertex Solutions. Our quarterly revenue exceeded expectations by roughly fourteen point five percent, reaching a record high of two hundred and eighty crore rupees. Much of this growth was driven by the successful launch of the new enterprise software suite in late August, which captured a significant market share from our primary competitors. However, we did face some unexpected supply chain disruptions in September that slightly delayed the rollout of our hardware components across five key distribution centers in Maharashtra and Karnataka. Moving into the fourth quarter, our primary focus will be on expanding our footprint in the tier-two markets while maintaining our current operational efficiency. Please review the detailed spreadsheet I sent out this morning, and we will reconvene on Thursday at two thirty PM to discuss our strategic priorities for the upcoming fiscal year.",T1_ideal_1.wav,T1_synth_mumbled_clarity_sev1.wav,mumbled_clarity,1,"However, we did face some unexpected supply chain disruptions in September that slightly delayed the rollout of our hardware components across five key distribution centers in Maharashtra and Karnataka.",synthetic_perturbation,CC-BY-4.0,yes,phone,indoor_quiet,clean,1745c7fdfc96c888834f9802ac90929ec6701b3f5329aeacba7f05231e7c6863,78.191,train,,,SYNTH
S042,T1,SPK01,synth_mumbled_clarity_sev2,"Good morning everyone, and thank you for joining the Q3 financial review for the Bengaluru division of Vertex Solutions. Our quarterly revenue exceeded expectations by roughly fourteen point five percent, reaching a record high of two hundred and eighty crore rupees. Much of this growth was driven by the successful launch of the new enterprise software suite in late August, which captured a significant market share from our primary competitors. However, we did face some unexpected supply chain disruptions in September that slightly delayed the rollout of our hardware components across five key distribution centers in Maharashtra and Karnataka. Moving into the fourth quarter, our primary focus will be on expanding our footprint in the tier-two markets while maintaining our current operational efficiency. Please review the detailed spreadsheet I sent out this morning, and we will reconvene on Thursday at two thirty PM to discuss our strategic priorities for the upcoming fiscal year.",T1_ideal_1.wav,T1_synth_mumbled_clarity_sev2.wav,mumbled_clarity,2,"However, we did face some unexpected supply chain disruptions in September that slightly delayed the rollout of our hardware components across five key distribution centers in Maharashtra and Karnataka.",synthetic_perturbation,CC-BY-4.0,yes,phone,indoor_quiet,clean,3593b261908ad9ddffdb53871435d576d7eca34965a36350405af3c2d8f59807,78.191,train,,,SYNTH
S043,T1,SPK01,synth_mumbled_clarity_sev3,"Good morning everyone, and thank you for joining the Q3 financial review for the Bengaluru division of Vertex Solutions. Our quarterly revenue exceeded expectations by roughly fourteen point five percent, reaching a record high of two hundred and eighty crore rupees. Much of this growth was driven by the successful launch of the new enterprise software suite in late August, which captured a significant market share from our primary competitors. However, we did face some unexpected supply chain disruptions in September that slightly delayed the rollout of our hardware components across five key distribution centers in Maharashtra and Karnataka. Moving into the fourth quarter, our primary focus will be on expanding our footprint in the tier-two markets while maintaining our current operational efficiency. Please review the detailed spreadsheet I sent out this morning, and we will reconvene on Thursday at two thirty PM to discuss our strategic priorities for the upcoming fiscal year.",T1_ideal_1.wav,T1_synth_mumbled_clarity_sev3.wav,mumbled_clarity,3,"However, we did face some unexpected supply chain disruptions in September that slightly delayed the rollout of our hardware components across five key distribution centers in Maharashtra and Karnataka.",synthetic_perturbation,CC-BY-4.0,yes,phone,indoor_quiet,clean,0d0a4f79f8f9f943e64ee23297333c4c97bd44b1dc9fde2d6ab275f9090045f1,78.191,train,,,SYNTH
S044,T1,SPK01,synth_mumbled_clarity_sev4,"Good morning everyone, and thank you for joining the Q3 financial review for the Bengaluru division of Vertex Solutions. Our quarterly revenue exceeded expectations by roughly fourteen point five percent, reaching a record high of two hundred and eighty crore rupees. Much of this growth was driven by the successful launch of the new enterprise software suite in late August, which captured a significant market share from our primary competitors. However, we did face some unexpected supply chain disruptions in September that slightly delayed the rollout of our hardware components across five key distribution centers in Maharashtra and Karnataka. Moving into the fourth quarter, our primary focus will be on expanding our footprint in the tier-two markets while maintaining our current operational efficiency. Please review the detailed spreadsheet I sent out this morning, and we will reconvene on Thursday at two thirty PM to discuss our strategic priorities for the upcoming fiscal year.",T1_ideal_1.wav,T1_synth_mumbled_clarity_sev4.wav,mumbled_clarity,4,"However, we did face some unexpected supply chain disruptions in September that slightly delayed the rollout of our hardware components across five key distribution centers in Maharashtra and Karnataka.",synthetic_perturbation,CC-BY-4.0,yes,phone,indoor_quiet,clean,75bc3de46160d433a242700dd79cfe373fc2ec876379ab4b283efa6f08f0f6c2,78.191,train,,,SYNTH
S045,T2,SPK01,synth_rushed_pace_sev1,"The recent clinical trial conducted at the All India Institute of Medical Sciences has revealed promising developments in the treatment of chronic autoimmune disorders. Researchers administered a novel synthetic peptide, designated as AX-742, to a cohort of one hundred and fifty adult patients over a six-month observation period. Preliminary data suggests a statistically significant reduction in inflammatory biomarkers, specifically interleukin-six and tumor necrosis factor alpha, in nearly eighty percent of the participants. Despite these encouraging efficacy results, a small subset of patients experienced mild gastrointestinal distress and transient headaches during the initial two weeks of the dosage escalation phase. Furthermore, the longitudinal analysis indicates that the therapeutic benefits are sustained even after the medication frequency is reduced to a bi-weekly subcutaneous injection. The research team is now preparing to submit their comprehensive findings to the Indian Journal of Medical Research and hopes to initiate Phase III trials by early next spring.",T2_ideal_1.wav,T2_synth_rushed_pace_sev1.wav,rushed_pace,1,"Despite these encouraging efficacy results, a small subset of patients experienced mild gastrointestinal distress and transient headaches during the initial two weeks of the dosage escalation phase.",synthetic_perturbation,CC-BY-4.0,yes,phone,indoor_quiet,clean,2f2e6b76c1f42ed885e3e18936056bd9f9ee26977d80e92ba96379c2d5803443,84.923,train,,,SYNTH
S046,T2,SPK01,synth_rushed_pace_sev2,"The recent clinical trial conducted at the All India Institute of Medical Sciences has revealed promising developments in the treatment of chronic autoimmune disorders. Researchers administered a novel synthetic peptide, designated as AX-742, to a cohort of one hundred and fifty adult patients over a six-month observation period. Preliminary data suggests a statistically significant reduction in inflammatory biomarkers, specifically interleukin-six and tumor necrosis factor alpha, in nearly eighty percent of the participants. Despite these encouraging efficacy results, a small subset of patients experienced mild gastrointestinal distress and transient headaches during the initial two weeks of the dosage escalation phase. Furthermore, the longitudinal analysis indicates that the therapeutic benefits are sustained even after the medication frequency is reduced to a bi-weekly subcutaneous injection. The research team is now preparing to submit their comprehensive findings to the Indian Journal of Medical Research and hopes to initiate Phase III trials by early next spring.",T2_ideal_1.wav,T2_synth_rushed_pace_sev2.wav,rushed_pace,2,"Despite these encouraging efficacy results, a small subset of patients experienced mild gastrointestinal distress and transient headaches during the initial two weeks of the dosage escalation phase.",synthetic_perturbation,CC-BY-4.0,yes,phone,indoor_quiet,clean,541a1a14c2785184609e85d1b2aa86eb4095519bcfb35575230e11795fb5fe26,83.042,train,,,SYNTH
S047,T2,SPK01,synth_rushed_pace_sev3,"The recent clinical trial conducted at the All India Institute of Medical Sciences has revealed promising developments in the treatment of chronic autoimmune disorders. Researchers administered a novel synthetic peptide, designated as AX-742, to a cohort of one hundred and fifty adult patients over a six-month observation period. Preliminary data suggests a statistically significant reduction in inflammatory biomarkers, specifically interleukin-six and tumor necrosis factor alpha, in nearly eighty percent of the participants. Despite these encouraging efficacy results, a small subset of patients experienced mild gastrointestinal distress and transient headaches during the initial two weeks of the dosage escalation phase. Furthermore, the longitudinal analysis indicates that the therapeutic benefits are sustained even after the medication frequency is reduced to a bi-weekly subcutaneous injection. The research team is now preparing to submit their comprehensive findings to the Indian Journal of Medical Research and hopes to initiate Phase III trials by early next spring.",T2_ideal_1.wav,T2_synth_rushed_pace_sev3.wav,rushed_pace,3,"Despite these encouraging efficacy results, a small subset of patients experienced mild gastrointestinal distress and transient headaches during the initial two weeks of the dosage escalation phase.",synthetic_perturbation,CC-BY-4.0,yes,phone,indoor_quiet,clean,a79270eff96f84454cfc0373d9c344a9d299c8dc54c0633e10d2b9ed87166e6a,81.631,train,,,SYNTH
S048,T2,SPK01,synth_rushed_pace_sev4,"The recent clinical trial conducted at the All India Institute of Medical Sciences has revealed promising developments in the treatment of chronic autoimmune disorders. Researchers administered a novel synthetic peptide, designated as AX-742, to a cohort of one hundred and fifty adult patients over a six-month observation period. Preliminary data suggests a statistically significant reduction in inflammatory biomarkers, specifically interleukin-six and tumor necrosis factor alpha, in nearly eighty percent of the participants. Despite these encouraging efficacy results, a small subset of patients experienced mild gastrointestinal distress and transient headaches during the initial two weeks of the dosage escalation phase. Furthermore, the longitudinal analysis indicates that the therapeutic benefits are sustained even after the medication frequency is reduced to a bi-weekly subcutaneous injection. The research team is now preparing to submit their comprehensive findings to the Indian Journal of Medical Research and hopes to initiate Phase III trials by early next spring.",T2_ideal_1.wav,T2_synth_rushed_pace_sev4.wav,rushed_pace,4,"Despite these encouraging efficacy results, a small subset of patients experienced mild gastrointestinal distress and transient headaches during the initial two weeks of the dosage escalation phase.",synthetic_perturbation,CC-BY-4.0,yes,phone,indoor_quiet,clean,3af180d20e7963abfdb641fcc03e356266ca0848abb92113562294f7d1363a68,80.534,train,,,SYNTH
S049,T2,SPK01,synth_dead_pause_sev1,"The recent clinical trial conducted at the All India Institute of Medical Sciences has revealed promising developments in the treatment of chronic autoimmune disorders. Researchers administered a novel synthetic peptide, designated as AX-742, to a cohort of one hundred and fifty adult patients over a six-month observation period. Preliminary data suggests a statistically significant reduction in inflammatory biomarkers, specifically interleukin-six and tumor necrosis factor alpha, in nearly eighty percent of the participants. Despite these encouraging efficacy results, a small subset of patients experienced mild gastrointestinal distress and transient headaches during the initial two weeks of the dosage escalation phase. Furthermore, the longitudinal analysis indicates that the therapeutic benefits are sustained even after the medication frequency is reduced to a bi-weekly subcutaneous injection. The research team is now preparing to submit their comprehensive findings to the Indian Journal of Medical Research and hopes to initiate Phase III trials by early next spring.",T2_ideal_1.wav,T2_synth_dead_pause_sev1.wav,dead_pause,1,"Despite these encouraging efficacy results, a small subset of patients experienced mild gastrointestinal distress and transient headaches during the initial two weeks of the dosage escalation phase.",synthetic_perturbation,CC-BY-4.0,yes,phone,indoor_quiet,clean,c49d0bddbee5bfd97291e1db48d8426798cec11ddb123ed274d08a0fb12885c0,88.056,train,,,SYNTH
S050,T2,SPK01,synth_dead_pause_sev2,"The recent clinical trial conducted at the All India Institute of Medical Sciences has revealed promising developments in the treatment of chronic autoimmune disorders. Researchers administered a novel synthetic peptide, designated as AX-742, to a cohort of one hundred and fifty adult patients over a six-month observation period. Preliminary data suggests a statistically significant reduction in inflammatory biomarkers, specifically interleukin-six and tumor necrosis factor alpha, in nearly eighty percent of the participants. Despite these encouraging efficacy results, a small subset of patients experienced mild gastrointestinal distress and transient headaches during the initial two weeks of the dosage escalation phase. Furthermore, the longitudinal analysis indicates that the therapeutic benefits are sustained even after the medication frequency is reduced to a bi-weekly subcutaneous injection. The research team is now preparing to submit their comprehensive findings to the Indian Journal of Medical Research and hopes to initiate Phase III trials by early next spring.",T2_ideal_1.wav,T2_synth_dead_pause_sev2.wav,dead_pause,2,"Despite these encouraging efficacy results, a small subset of patients experienced mild gastrointestinal distress and transient headaches during the initial two weeks of the dosage escalation phase.",synthetic_perturbation,CC-BY-4.0,yes,phone,indoor_quiet,clean,692b3199be7087043fe7e17b0951410b7461e8bf01185ef28f427402cbf73ac3,88.556,train,,,SYNTH
S051,T2,SPK01,synth_dead_pause_sev3,"The recent clinical trial conducted at the All India Institute of Medical Sciences has revealed promising developments in the treatment of chronic autoimmune disorders. Researchers administered a novel synthetic peptide, designated as AX-742, to a cohort of one hundred and fifty adult patients over a six-month observation period. Preliminary data suggests a statistically significant reduction in inflammatory biomarkers, specifically interleukin-six and tumor necrosis factor alpha, in nearly eighty percent of the participants. Despite these encouraging efficacy results, a small subset of patients experienced mild gastrointestinal distress and transient headaches during the initial two weeks of the dosage escalation phase. Furthermore, the longitudinal analysis indicates that the therapeutic benefits are sustained even after the medication frequency is reduced to a bi-weekly subcutaneous injection. The research team is now preparing to submit their comprehensive findings to the Indian Journal of Medical Research and hopes to initiate Phase III trials by early next spring.",T2_ideal_1.wav,T2_synth_dead_pause_sev3.wav,dead_pause,3,"Despite these encouraging efficacy results, a small subset of patients experienced mild gastrointestinal distress and transient headaches during the initial two weeks of the dosage escalation phase.",synthetic_perturbation,CC-BY-4.0,yes,phone,indoor_quiet,clean,a0df9eea16c191c508b5643f3042bcc7153d5475a8db04a18a050ae2b06031a2,89.256,train,,,SYNTH
S052,T2,SPK01,synth_dead_pause_sev4,"The recent clinical trial conducted at the All India Institute of Medical Sciences has revealed promising developments in the treatment of chronic autoimmune disorders. Researchers administered a novel synthetic peptide, designated as AX-742, to a cohort of one hundred and fifty adult patients over a six-month observation period. Preliminary data suggests a statistically significant reduction in inflammatory biomarkers, specifically interleukin-six and tumor necrosis factor alpha, in nearly eighty percent of the participants. Despite these encouraging efficacy results, a small subset of patients experienced mild gastrointestinal distress and transient headaches during the initial two weeks of the dosage escalation phase. Furthermore, the longitudinal analysis indicates that the therapeutic benefits are sustained even after the medication frequency is reduced to a bi-weekly subcutaneous injection. The research team is now preparing to submit their comprehensive findings to the Indian Journal of Medical Research and hopes to initiate Phase III trials by early next spring.",T2_ideal_1.wav,T2_synth_dead_pause_sev4.wav,dead_pause,4,"Despite these encouraging efficacy results, a small subset of patients experienced mild gastrointestinal distress and transient headaches during the initial two weeks of the dosage escalation phase.",synthetic_perturbation,CC-BY-4.0,yes,phone,indoor_quiet,clean,434593c96f49f330189cf6dd739a5828554087b6e2845a792a682b4d1a04ce6a,90.056,train,,,SYNTH
S053,T2,SPK01,synth_flat_pitch_sev1,"The recent clinical trial conducted at the All India Institute of Medical Sciences has revealed promising developments in the treatment of chronic autoimmune disorders. Researchers administered a novel synthetic peptide, designated as AX-742, to a cohort of one hundred and fifty adult patients over a six-month observation period. Preliminary data suggests a statistically significant reduction in inflammatory biomarkers, specifically interleukin-six and tumor necrosis factor alpha, in nearly eighty percent of the participants. Despite these encouraging efficacy results, a small subset of patients experienced mild gastrointestinal distress and transient headaches during the initial two weeks of the dosage escalation phase. Furthermore, the longitudinal analysis indicates that the therapeutic benefits are sustained even after the medication frequency is reduced to a bi-weekly subcutaneous injection. The research team is now preparing to submit their comprehensive findings to the Indian Journal of Medical Research and hopes to initiate Phase III trials by early next spring.",T2_ideal_1.wav,T2_synth_flat_pitch_sev1.wav,flat_pitch,1,"Despite these encouraging efficacy results, a small subset of patients experienced mild gastrointestinal distress and transient headaches during the initial two weeks of the dosage escalation phase.",synthetic_perturbation,CC-BY-4.0,yes,phone,indoor_quiet,clean,61076d419ca1705115c2fa9533b97554db201783d9a1bfe9fd6282c5047a7b5f,87.556,train,,,SYNTH
S054,T2,SPK01,synth_flat_pitch_sev2,"The recent clinical trial conducted at the All India Institute of Medical Sciences has revealed promising developments in the treatment of chronic autoimmune disorders. Researchers administered a novel synthetic peptide, designated as AX-742, to a cohort of one hundred and fifty adult patients over a six-month observation period. Preliminary data suggests a statistically significant reduction in inflammatory biomarkers, specifically interleukin-six and tumor necrosis factor alpha, in nearly eighty percent of the participants. Despite these encouraging efficacy results, a small subset of patients experienced mild gastrointestinal distress and transient headaches during the initial two weeks of the dosage escalation phase. Furthermore, the longitudinal analysis indicates that the therapeutic benefits are sustained even after the medication frequency is reduced to a bi-weekly subcutaneous injection. The research team is now preparing to submit their comprehensive findings to the Indian Journal of Medical Research and hopes to initiate Phase III trials by early next spring.",T2_ideal_1.wav,T2_synth_flat_pitch_sev2.wav,flat_pitch,2,"Despite these encouraging efficacy results, a small subset of patients experienced mild gastrointestinal distress and transient headaches during the initial two weeks of the dosage escalation phase.",synthetic_perturbation,CC-BY-4.0,yes,phone,indoor_quiet,clean,cccf8025052e9e225093d0d00452eed850bddf840edfe21f481ae3edf7c4aee3,87.556,train,,,SYNTH
S055,T2,SPK01,synth_flat_pitch_sev3,"The recent clinical trial conducted at the All India Institute of Medical Sciences has revealed promising developments in the treatment of chronic autoimmune disorders. Researchers administered a novel synthetic peptide, designated as AX-742, to a cohort of one hundred and fifty adult patients over a six-month observation period. Preliminary data suggests a statistically significant reduction in inflammatory biomarkers, specifically interleukin-six and tumor necrosis factor alpha, in nearly eighty percent of the participants. Despite these encouraging efficacy results, a small subset of patients experienced mild gastrointestinal distress and transient headaches during the initial two weeks of the dosage escalation phase. Furthermore, the longitudinal analysis indicates that the therapeutic benefits are sustained even after the medication frequency is reduced to a bi-weekly subcutaneous injection. The research team is now preparing to submit their comprehensive findings to the Indian Journal of Medical Research and hopes to initiate Phase III trials by early next spring.",T2_ideal_1.wav,T2_synth_flat_pitch_sev3.wav,flat_pitch,3,"Despite these encouraging efficacy results, a small subset of patients experienced mild gastrointestinal distress and transient headaches during the initial two weeks of the dosage escalation phase.",synthetic_perturbation,CC-BY-4.0,yes,phone,indoor_quiet,clean,344537803360d0a0e45895c5bdc83c68d8ed23db256a93dd22ce911cda3cbc52,87.556,train,,,SYNTH
S056,T2,SPK01,synth_flat_pitch_sev4,"The recent clinical trial conducted at the All India Institute of Medical Sciences has revealed promising developments in the treatment of chronic autoimmune disorders. Researchers administered a novel synthetic peptide, designated as AX-742, to a cohort of one hundred and fifty adult patients over a six-month observation period. Preliminary data suggests a statistically significant reduction in inflammatory biomarkers, specifically interleukin-six and tumor necrosis factor alpha, in nearly eighty percent of the participants. Despite these encouraging efficacy results, a small subset of patients experienced mild gastrointestinal distress and transient headaches during the initial two weeks of the dosage escalation phase. Furthermore, the longitudinal analysis indicates that the therapeutic benefits are sustained even after the medication frequency is reduced to a bi-weekly subcutaneous injection. The research team is now preparing to submit their comprehensive findings to the Indian Journal of Medical Research and hopes to initiate Phase III trials by early next spring.",T2_ideal_1.wav,T2_synth_flat_pitch_sev4.wav,flat_pitch,4,"Despite these encouraging efficacy results, a small subset of patients experienced mild gastrointestinal distress and transient headaches during the initial two weeks of the dosage escalation phase.",synthetic_perturbation,CC-BY-4.0,yes,phone,indoor_quiet,clean,02a57908063bf980de00f4b5b795d06f7f895917b9129aa7415104f93d5bcac9,87.556,train,,,SYNTH
S057,T2,SPK01,synth_mumbled_clarity_sev1,"The recent clinical trial conducted at the All India Institute of Medical Sciences has revealed promising developments in the treatment of chronic autoimmune disorders. Researchers administered a novel synthetic peptide, designated as AX-742, to a cohort of one hundred and fifty adult patients over a six-month observation period. Preliminary data suggests a statistically significant reduction in inflammatory biomarkers, specifically interleukin-six and tumor necrosis factor alpha, in nearly eighty percent of the participants. Despite these encouraging efficacy results, a small subset of patients experienced mild gastrointestinal distress and transient headaches during the initial two weeks of the dosage escalation phase. Furthermore, the longitudinal analysis indicates that the therapeutic benefits are sustained even after the medication frequency is reduced to a bi-weekly subcutaneous injection. The research team is now preparing to submit their comprehensive findings to the Indian Journal of Medical Research and hopes to initiate Phase III trials by early next spring.",T2_ideal_1.wav,T2_synth_mumbled_clarity_sev1.wav,mumbled_clarity,1,"Despite these encouraging efficacy results, a small subset of patients experienced mild gastrointestinal distress and transient headaches during the initial two weeks of the dosage escalation phase.",synthetic_perturbation,CC-BY-4.0,yes,phone,indoor_quiet,clean,f15bc29885c1b322708a7cb457ac731d5c8848e97e98f2863465d43532492c3b,87.556,train,,,SYNTH
S058,T2,SPK01,synth_mumbled_clarity_sev2,"The recent clinical trial conducted at the All India Institute of Medical Sciences has revealed promising developments in the treatment of chronic autoimmune disorders. Researchers administered a novel synthetic peptide, designated as AX-742, to a cohort of one hundred and fifty adult patients over a six-month observation period. Preliminary data suggests a statistically significant reduction in inflammatory biomarkers, specifically interleukin-six and tumor necrosis factor alpha, in nearly eighty percent of the participants. Despite these encouraging efficacy results, a small subset of patients experienced mild gastrointestinal distress and transient headaches during the initial two weeks of the dosage escalation phase. Furthermore, the longitudinal analysis indicates that the therapeutic benefits are sustained even after the medication frequency is reduced to a bi-weekly subcutaneous injection. The research team is now preparing to submit their comprehensive findings to the Indian Journal of Medical Research and hopes to initiate Phase III trials by early next spring.",T2_ideal_1.wav,T2_synth_mumbled_clarity_sev2.wav,mumbled_clarity,2,"Despite these encouraging efficacy results, a small subset of patients experienced mild gastrointestinal distress and transient headaches during the initial two weeks of the dosage escalation phase.",synthetic_perturbation,CC-BY-4.0,yes,phone,indoor_quiet,clean,e0cf7a2b91055a61a8e3ce692fe9b4863d375a65388592baa47872d7dfddf9cf,87.556,train,,,SYNTH
S059,T2,SPK01,synth_mumbled_clarity_sev3,"The recent clinical trial conducted at the All India Institute of Medical Sciences has revealed promising developments in the treatment of chronic autoimmune disorders. Researchers administered a novel synthetic peptide, designated as AX-742, to a cohort of one hundred and fifty adult patients over a six-month observation period. Preliminary data suggests a statistically significant reduction in inflammatory biomarkers, specifically interleukin-six and tumor necrosis factor alpha, in nearly eighty percent of the participants. Despite these encouraging efficacy results, a small subset of patients experienced mild gastrointestinal distress and transient headaches during the initial two weeks of the dosage escalation phase. Furthermore, the longitudinal analysis indicates that the therapeutic benefits are sustained even after the medication frequency is reduced to a bi-weekly subcutaneous injection. The research team is now preparing to submit their comprehensive findings to the Indian Journal of Medical Research and hopes to initiate Phase III trials by early next spring.",T2_ideal_1.wav,T2_synth_mumbled_clarity_sev3.wav,mumbled_clarity,3,"Despite these encouraging efficacy results, a small subset of patients experienced mild gastrointestinal distress and transient headaches during the initial two weeks of the dosage escalation phase.",synthetic_perturbation,CC-BY-4.0,yes,phone,indoor_quiet,clean,624fe868c7b8f6c694d0bcfdd14af015b3fd10bd1e8482f31f8f2f497382946c,87.556,train,,,SYNTH
S060,T2,SPK01,synth_mumbled_clarity_sev4,"The recent clinical trial conducted at the All India Institute of Medical Sciences has revealed promising developments in the treatment of chronic autoimmune disorders. Researchers administered a novel synthetic peptide, designated as AX-742, to a cohort of one hundred and fifty adult patients over a six-month observation period. Preliminary data suggests a statistically significant reduction in inflammatory biomarkers, specifically interleukin-six and tumor necrosis factor alpha, in nearly eighty percent of the participants. Despite these encouraging efficacy results, a small subset of patients experienced mild gastrointestinal distress and transient headaches during the initial two weeks of the dosage escalation phase. Furthermore, the longitudinal analysis indicates that the therapeutic benefits are sustained even after the medication frequency is reduced to a bi-weekly subcutaneous injection. The research team is now preparing to submit their comprehensive findings to the Indian Journal of Medical Research and hopes to initiate Phase III trials by early next spring.",T2_ideal_1.wav,T2_synth_mumbled_clarity_sev4.wav,mumbled_clarity,4,"Despite these encouraging efficacy results, a small subset of patients experienced mild gastrointestinal distress and transient headaches during the initial two weeks of the dosage escalation phase.",synthetic_perturbation,CC-BY-4.0,yes,phone,indoor_quiet,clean,ed37a7f353b575d78feb4689c6db5a5c4f233495def9cabd2228a12eaa825a15,87.556,train,,,SYNTH
S061,T3,SPK01,synth_rushed_pace_sev1,"Welcome to the introductory tutorial on deploying scalable microservices using the latest version of the Kubernetes orchestration platform. In this module, we will explore how to configure your YAML manifest files to define replica sets, persistent volume claims, and internal cluster networking. It is absolutely crucial to understand the differences between a NodePort service and a LoadBalancer service when exposing your application to external traffic on AWS Mumbai region or Azure Central India. If you encounter any unexpected CrashLoopBackOff errors, you should immediately check the pod logs and verify that your Docker container has the correct environment variables injected. Remember that implementing proper readiness and liveness probes will significantly improve the overall resilience and availability of your distributed application under heavy load. Once you have successfully deployed the backend API, proceed to chapter four where we integrate the Redis caching layer and configure the automated CI/CD pipeline using GitHub Actions.",T3_ideal_1.wav,T3_synth_rushed_pace_sev1.wav,rushed_pace,1,"If you encounter any unexpected CrashLoopBackOff errors, you should immediately check the pod logs and verify that your Docker container has the correct environment variables injected.",synthetic_perturbation,CC-BY-4.0,yes,phone,indoor_quiet,clean,28805f41ef1c646db3a3c6e5601794608cede4d850ee7436896d97f988297849,77.617,train,,,SYNTH
S062,T3,SPK01,synth_rushed_pace_sev2,"Welcome to the introductory tutorial on deploying scalable microservices using the latest version of the Kubernetes orchestration platform. In this module, we will explore how to configure your YAML manifest files to define replica sets, persistent volume claims, and internal cluster networking. It is absolutely crucial to understand the differences between a NodePort service and a LoadBalancer service when exposing your application to external traffic on AWS Mumbai region or Azure Central India. If you encounter any unexpected CrashLoopBackOff errors, you should immediately check the pod logs and verify that your Docker container has the correct environment variables injected. Remember that implementing proper readiness and liveness probes will significantly improve the overall resilience and availability of your distributed application under heavy load. Once you have successfully deployed the backend API, proceed to chapter four where we integrate the Redis caching layer and configure the automated CI/CD pipeline using GitHub Actions.",T3_ideal_1.wav,T3_synth_rushed_pace_sev2.wav,rushed_pace,2,"If you encounter any unexpected CrashLoopBackOff errors, you should immediately check the pod logs and verify that your Docker container has the correct environment variables injected.",synthetic_perturbation,CC-BY-4.0,yes,phone,indoor_quiet,clean,366c974673063a1deaa3ad11ff23d4e85c3881add4fca24872c3753281a6e55d,76.186,train,,,SYNTH
S063,T3,SPK01,synth_rushed_pace_sev3,"Welcome to the introductory tutorial on deploying scalable microservices using the latest version of the Kubernetes orchestration platform. In this module, we will explore how to configure your YAML manifest files to define replica sets, persistent volume claims, and internal cluster networking. It is absolutely crucial to understand the differences between a NodePort service and a LoadBalancer service when exposing your application to external traffic on AWS Mumbai region or Azure Central India. If you encounter any unexpected CrashLoopBackOff errors, you should immediately check the pod logs and verify that your Docker container has the correct environment variables injected. Remember that implementing proper readiness and liveness probes will significantly improve the overall resilience and availability of your distributed application under heavy load. Once you have successfully deployed the backend API, proceed to chapter four where we integrate the Redis caching layer and configure the automated CI/CD pipeline using GitHub Actions.",T3_ideal_1.wav,T3_synth_rushed_pace_sev3.wav,rushed_pace,3,"If you encounter any unexpected CrashLoopBackOff errors, you should immediately check the pod logs and verify that your Docker container has the correct environment variables injected.",synthetic_perturbation,CC-BY-4.0,yes,phone,indoor_quiet,clean,697240f12ee3608cf501a8bfcbf7ce518530cc492f08d6805694c77135d3d7c2,75.112,train,,,SYNTH
S064,T3,SPK01,synth_rushed_pace_sev4,"Welcome to the introductory tutorial on deploying scalable microservices using the latest version of the Kubernetes orchestration platform. In this module, we will explore how to configure your YAML manifest files to define replica sets, persistent volume claims, and internal cluster networking. It is absolutely crucial to understand the differences between a NodePort service and a LoadBalancer service when exposing your application to external traffic on AWS Mumbai region or Azure Central India. If you encounter any unexpected CrashLoopBackOff errors, you should immediately check the pod logs and verify that your Docker container has the correct environment variables injected. Remember that implementing proper readiness and liveness probes will significantly improve the overall resilience and availability of your distributed application under heavy load. Once you have successfully deployed the backend API, proceed to chapter four where we integrate the Redis caching layer and configure the automated CI/CD pipeline using GitHub Actions.",T3_ideal_1.wav,T3_synth_rushed_pace_sev4.wav,rushed_pace,4,"If you encounter any unexpected CrashLoopBackOff errors, you should immediately check the pod logs and verify that your Docker container has the correct environment variables injected.",synthetic_perturbation,CC-BY-4.0,yes,phone,indoor_quiet,clean,3340e19d2031b3d0ce64803c11bf8c8670b0661e778b81c573f171a3b61aa28d,74.278,train,,,SYNTH
S065,T3,SPK01,synth_dead_pause_sev1,"Welcome to the introductory tutorial on deploying scalable microservices using the latest version of the Kubernetes orchestration platform. In this module, we will explore how to configure your YAML manifest files to define replica sets, persistent volume claims, and internal cluster networking. It is absolutely crucial to understand the differences between a NodePort service and a LoadBalancer service when exposing your application to external traffic on AWS Mumbai region or Azure Central India. If you encounter any unexpected CrashLoopBackOff errors, you should immediately check the pod logs and verify that your Docker container has the correct environment variables injected. Remember that implementing proper readiness and liveness probes will significantly improve the overall resilience and availability of your distributed application under heavy load. Once you have successfully deployed the backend API, proceed to chapter four where we integrate the Redis caching layer and configure the automated CI/CD pipeline using GitHub Actions.",T3_ideal_1.wav,T3_synth_dead_pause_sev1.wav,dead_pause,1,"If you encounter any unexpected CrashLoopBackOff errors, you should immediately check the pod logs and verify that your Docker container has the correct environment variables injected.",synthetic_perturbation,CC-BY-4.0,yes,phone,indoor_quiet,clean,acb97456072c3a3d4e6e22ce07e279bc46f58219df13ad6cfae4ab5d8a306527,80.12,train,,,SYNTH
S066,T3,SPK01,synth_dead_pause_sev2,"Welcome to the introductory tutorial on deploying scalable microservices using the latest version of the Kubernetes orchestration platform. In this module, we will explore how to configure your YAML manifest files to define replica sets, persistent volume claims, and internal cluster networking. It is absolutely crucial to understand the differences between a NodePort service and a LoadBalancer service when exposing your application to external traffic on AWS Mumbai region or Azure Central India. If you encounter any unexpected CrashLoopBackOff errors, you should immediately check the pod logs and verify that your Docker container has the correct environment variables injected. Remember that implementing proper readiness and liveness probes will significantly improve the overall resilience and availability of your distributed application under heavy load. Once you have successfully deployed the backend API, proceed to chapter four where we integrate the Redis caching layer and configure the automated CI/CD pipeline using GitHub Actions.",T3_ideal_1.wav,T3_synth_dead_pause_sev2.wav,dead_pause,2,"If you encounter any unexpected CrashLoopBackOff errors, you should immediately check the pod logs and verify that your Docker container has the correct environment variables injected.",synthetic_perturbation,CC-BY-4.0,yes,phone,indoor_quiet,clean,53a3e45b64065cb183c4f939662cc4981975ba2488ea18efc7c4931de870542d,80.62,train,,,SYNTH
S067,T3,SPK01,synth_dead_pause_sev3,"Welcome to the introductory tutorial on deploying scalable microservices using the latest version of the Kubernetes orchestration platform. In this module, we will explore how to configure your YAML manifest files to define replica sets, persistent volume claims, and internal cluster networking. It is absolutely crucial to understand the differences between a NodePort service and a LoadBalancer service when exposing your application to external traffic on AWS Mumbai region or Azure Central India. If you encounter any unexpected CrashLoopBackOff errors, you should immediately check the pod logs and verify that your Docker container has the correct environment variables injected. Remember that implementing proper readiness and liveness probes will significantly improve the overall resilience and availability of your distributed application under heavy load. Once you have successfully deployed the backend API, proceed to chapter four where we integrate the Redis caching layer and configure the automated CI/CD pipeline using GitHub Actions.",T3_ideal_1.wav,T3_synth_dead_pause_sev3.wav,dead_pause,3,"If you encounter any unexpected CrashLoopBackOff errors, you should immediately check the pod logs and verify that your Docker container has the correct environment variables injected.",synthetic_perturbation,CC-BY-4.0,yes,phone,indoor_quiet,clean,6b1e565042988b2f5e5343dc88208c1329fd191819fa9014d7fc41249f8132c4,81.32,train,,,SYNTH
S068,T3,SPK01,synth_dead_pause_sev4,"Welcome to the introductory tutorial on deploying scalable microservices using the latest version of the Kubernetes orchestration platform. In this module, we will explore how to configure your YAML manifest files to define replica sets, persistent volume claims, and internal cluster networking. It is absolutely crucial to understand the differences between a NodePort service and a LoadBalancer service when exposing your application to external traffic on AWS Mumbai region or Azure Central India. If you encounter any unexpected CrashLoopBackOff errors, you should immediately check the pod logs and verify that your Docker container has the correct environment variables injected. Remember that implementing proper readiness and liveness probes will significantly improve the overall resilience and availability of your distributed application under heavy load. Once you have successfully deployed the backend API, proceed to chapter four where we integrate the Redis caching layer and configure the automated CI/CD pipeline using GitHub Actions.",T3_ideal_1.wav,T3_synth_dead_pause_sev4.wav,dead_pause,4,"If you encounter any unexpected CrashLoopBackOff errors, you should immediately check the pod logs and verify that your Docker container has the correct environment variables injected.",synthetic_perturbation,CC-BY-4.0,yes,phone,indoor_quiet,clean,7658cd7f6c6ecfccdd4ee4c314ab9ff8829b838bc76bb4697645e7513899c9d2,82.12,train,,,SYNTH
S069,T3,SPK01,synth_flat_pitch_sev1,"Welcome to the introductory tutorial on deploying scalable microservices using the latest version of the Kubernetes orchestration platform. In this module, we will explore how to configure your YAML manifest files to define replica sets, persistent volume claims, and internal cluster networking. It is absolutely crucial to understand the differences between a NodePort service and a LoadBalancer service when exposing your application to external traffic on AWS Mumbai region or Azure Central India. If you encounter any unexpected CrashLoopBackOff errors, you should immediately check the pod logs and verify that your Docker container has the correct environment variables injected. Remember that implementing proper readiness and liveness probes will significantly improve the overall resilience and availability of your distributed application under heavy load. Once you have successfully deployed the backend API, proceed to chapter four where we integrate the Redis caching layer and configure the automated CI/CD pipeline using GitHub Actions.",T3_ideal_1.wav,T3_synth_flat_pitch_sev1.wav,flat_pitch,1,"If you encounter any unexpected CrashLoopBackOff errors, you should immediately check the pod logs and verify that your Docker container has the correct environment variables injected.",synthetic_perturbation,CC-BY-4.0,yes,phone,indoor_quiet,clean,a76617f9d4130a61aa9c9ec946074f84dbf154cacb38216587c463e954baefbf,79.62,train,,,SYNTH
S070,T3,SPK01,synth_flat_pitch_sev2,"Welcome to the introductory tutorial on deploying scalable microservices using the latest version of the Kubernetes orchestration platform. In this module, we will explore how to configure your YAML manifest files to define replica sets, persistent volume claims, and internal cluster networking. It is absolutely crucial to understand the differences between a NodePort service and a LoadBalancer service when exposing your application to external traffic on AWS Mumbai region or Azure Central India. If you encounter any unexpected CrashLoopBackOff errors, you should immediately check the pod logs and verify that your Docker container has the correct environment variables injected. Remember that implementing proper readiness and liveness probes will significantly improve the overall resilience and availability of your distributed application under heavy load. Once you have successfully deployed the backend API, proceed to chapter four where we integrate the Redis caching layer and configure the automated CI/CD pipeline using GitHub Actions.",T3_ideal_1.wav,T3_synth_flat_pitch_sev2.wav,flat_pitch,2,"If you encounter any unexpected CrashLoopBackOff errors, you should immediately check the pod logs and verify that your Docker container has the correct environment variables injected.",synthetic_perturbation,CC-BY-4.0,yes,phone,indoor_quiet,clean,ec46b35686fd44c6a00b1df61fe4acf4b1da67b749bb8d1e5b5e4d2f79ab9e21,79.62,train,,,SYNTH
S071,T3,SPK01,synth_flat_pitch_sev3,"Welcome to the introductory tutorial on deploying scalable microservices using the latest version of the Kubernetes orchestration platform. In this module, we will explore how to configure your YAML manifest files to define replica sets, persistent volume claims, and internal cluster networking. It is absolutely crucial to understand the differences between a NodePort service and a LoadBalancer service when exposing your application to external traffic on AWS Mumbai region or Azure Central India. If you encounter any unexpected CrashLoopBackOff errors, you should immediately check the pod logs and verify that your Docker container has the correct environment variables injected. Remember that implementing proper readiness and liveness probes will significantly improve the overall resilience and availability of your distributed application under heavy load. Once you have successfully deployed the backend API, proceed to chapter four where we integrate the Redis caching layer and configure the automated CI/CD pipeline using GitHub Actions.",T3_ideal_1.wav,T3_synth_flat_pitch_sev3.wav,flat_pitch,3,"If you encounter any unexpected CrashLoopBackOff errors, you should immediately check the pod logs and verify that your Docker container has the correct environment variables injected.",synthetic_perturbation,CC-BY-4.0,yes,phone,indoor_quiet,clean,1b2c2be358d6f96ec52af2388f680952f47a9d9fada5c62704b4bb3ed6264e86,79.62,train,,,SYNTH
S072,T3,SPK01,synth_flat_pitch_sev4,"Welcome to the introductory tutorial on deploying scalable microservices using the latest version of the Kubernetes orchestration platform. In this module, we will explore how to configure your YAML manifest files to define replica sets, persistent volume claims, and internal cluster networking. It is absolutely crucial to understand the differences between a NodePort service and a LoadBalancer service when exposing your application to external traffic on AWS Mumbai region or Azure Central India. If you encounter any unexpected CrashLoopBackOff errors, you should immediately check the pod logs and verify that your Docker container has the correct environment variables injected. Remember that implementing proper readiness and liveness probes will significantly improve the overall resilience and availability of your distributed application under heavy load. Once you have successfully deployed the backend API, proceed to chapter four where we integrate the Redis caching layer and configure the automated CI/CD pipeline using GitHub Actions.",T3_ideal_1.wav,T3_synth_flat_pitch_sev4.wav,flat_pitch,4,"If you encounter any unexpected CrashLoopBackOff errors, you should immediately check the pod logs and verify that your Docker container has the correct environment variables injected.",synthetic_perturbation,CC-BY-4.0,yes,phone,indoor_quiet,clean,a399bcce3bff099da57a4ec11a3e896d1a591a25b1835b70ef127ef08b6cccf2,79.62,train,,,SYNTH
S073,T3,SPK01,synth_mumbled_clarity_sev1,"Welcome to the introductory tutorial on deploying scalable microservices using the latest version of the Kubernetes orchestration platform. In this module, we will explore how to configure your YAML manifest files to define replica sets, persistent volume claims, and internal cluster networking. It is absolutely crucial to understand the differences between a NodePort service and a LoadBalancer service when exposing your application to external traffic on AWS Mumbai region or Azure Central India. If you encounter any unexpected CrashLoopBackOff errors, you should immediately check the pod logs and verify that your Docker container has the correct environment variables injected. Remember that implementing proper readiness and liveness probes will significantly improve the overall resilience and availability of your distributed application under heavy load. Once you have successfully deployed the backend API, proceed to chapter four where we integrate the Redis caching layer and configure the automated CI/CD pipeline using GitHub Actions.",T3_ideal_1.wav,T3_synth_mumbled_clarity_sev1.wav,mumbled_clarity,1,"If you encounter any unexpected CrashLoopBackOff errors, you should immediately check the pod logs and verify that your Docker container has the correct environment variables injected.",synthetic_perturbation,CC-BY-4.0,yes,phone,indoor_quiet,clean,a15b405393d9e91a1a18c90de5cc35587ad0bc14c55c5d9dc2863c3706e29488,79.62,train,,,SYNTH
S074,T3,SPK01,synth_mumbled_clarity_sev2,"Welcome to the introductory tutorial on deploying scalable microservices using the latest version of the Kubernetes orchestration platform. In this module, we will explore how to configure your YAML manifest files to define replica sets, persistent volume claims, and internal cluster networking. It is absolutely crucial to understand the differences between a NodePort service and a LoadBalancer service when exposing your application to external traffic on AWS Mumbai region or Azure Central India. If you encounter any unexpected CrashLoopBackOff errors, you should immediately check the pod logs and verify that your Docker container has the correct environment variables injected. Remember that implementing proper readiness and liveness probes will significantly improve the overall resilience and availability of your distributed application under heavy load. Once you have successfully deployed the backend API, proceed to chapter four where we integrate the Redis caching layer and configure the automated CI/CD pipeline using GitHub Actions.",T3_ideal_1.wav,T3_synth_mumbled_clarity_sev2.wav,mumbled_clarity,2,"If you encounter any unexpected CrashLoopBackOff errors, you should immediately check the pod logs and verify that your Docker container has the correct environment variables injected.",synthetic_perturbation,CC-BY-4.0,yes,phone,indoor_quiet,clean,8a93c782d94f87de25de7c2df3476bb889aa325273e75d285ad2a13068e95e0a,79.62,train,,,SYNTH
S075,T3,SPK01,synth_mumbled_clarity_sev3,"Welcome to the introductory tutorial on deploying scalable microservices using the latest version of the Kubernetes orchestration platform. In this module, we will explore how to configure your YAML manifest files to define replica sets, persistent volume claims, and internal cluster networking. It is absolutely crucial to understand the differences between a NodePort service and a LoadBalancer service when exposing your application to external traffic on AWS Mumbai region or Azure Central India. If you encounter any unexpected CrashLoopBackOff errors, you should immediately check the pod logs and verify that your Docker container has the correct environment variables injected. Remember that implementing proper readiness and liveness probes will significantly improve the overall resilience and availability of your distributed application under heavy load. Once you have successfully deployed the backend API, proceed to chapter four where we integrate the Redis caching layer and configure the automated CI/CD pipeline using GitHub Actions.",T3_ideal_1.wav,T3_synth_mumbled_clarity_sev3.wav,mumbled_clarity,3,"If you encounter any unexpected CrashLoopBackOff errors, you should immediately check the pod logs and verify that your Docker container has the correct environment variables injected.",synthetic_perturbation,CC-BY-4.0,yes,phone,indoor_quiet,clean,35439e4b25a5ea6f983b891bae7a2339d9ce8aff7865220fbfdac808af9afe8d,79.62,train,,,SYNTH
S076,T3,SPK01,synth_mumbled_clarity_sev4,"Welcome to the introductory tutorial on deploying scalable microservices using the latest version of the Kubernetes orchestration platform. In this module, we will explore how to configure your YAML manifest files to define replica sets, persistent volume claims, and internal cluster networking. It is absolutely crucial to understand the differences between a NodePort service and a LoadBalancer service when exposing your application to external traffic on AWS Mumbai region or Azure Central India. If you encounter any unexpected CrashLoopBackOff errors, you should immediately check the pod logs and verify that your Docker container has the correct environment variables injected. Remember that implementing proper readiness and liveness probes will significantly improve the overall resilience and availability of your distributed application under heavy load. Once you have successfully deployed the backend API, proceed to chapter four where we integrate the Redis caching layer and configure the automated CI/CD pipeline using GitHub Actions.",T3_ideal_1.wav,T3_synth_mumbled_clarity_sev4.wav,mumbled_clarity,4,"If you encounter any unexpected CrashLoopBackOff errors, you should immediately check the pod logs and verify that your Docker container has the correct environment variables injected.",synthetic_perturbation,CC-BY-4.0,yes,phone,indoor_quiet,clean,bdaaf746b2adebda50bda06b35bb36c8bc2acab99ef9b3b6e6210c6bfacf0e82,79.62,train,,,SYNTH
S077,T4,SPK01,synth_rushed_pace_sev1,"Local authorities in downtown Mumbai are advising residents to prepare for severe weather conditions expected to arrive late tomorrow evening. Meteorologists at the Indian Meteorological Department have issued a flash flood warning for the Konkan region and the surrounding metropolitan areas following an unprecedented three inches of rainfall this morning. City officials have proactively closed the primary suspension bridge on the Bandra-Worli Sea Link, causing significant traffic delays stretching all the way back to the international airport. Emergency response teams, including the Coast Guard and local fire departments, remain on high alert and have pre-positioned rescue boats near the most vulnerable low-lying neighborhoods. Meanwhile, utility companies are working around the clock to restore power to approximately forty-five thousand homes that were disconnected when strong wind gusts brought down several major transmission lines. The municipal commissioner is scheduled to hold a live press conference at the BMC headquarters at precisely six fifteen tonight to provide further updates and safety instructions for all citizens.",T4_ideal_1.wav,T4_synth_rushed_pace_sev1.wav,rushed_pace,1,"Emergency response teams, including the Coast Guard and local fire departments, remain on high alert and have pre-positioned rescue boats near the most vulnerable low-lying neighborhoods.",synthetic_perturbation,CC-BY-4.0,yes,phone,indoor_quiet,clean,b5c03d5853687766f51cf5a2e18a7ad31312582b1dc0f728e4add9da177fd252,78.096,val,,,SYNTH
S078,T4,SPK01,synth_rushed_pace_sev2,"Local authorities in downtown Mumbai are advising residents to prepare for severe weather conditions expected to arrive late tomorrow evening. Meteorologists at the Indian Meteorological Department have issued a flash flood warning for the Konkan region and the surrounding metropolitan areas following an unprecedented three inches of rainfall this morning. City officials have proactively closed the primary suspension bridge on the Bandra-Worli Sea Link, causing significant traffic delays stretching all the way back to the international airport. Emergency response teams, including the Coast Guard and local fire departments, remain on high alert and have pre-positioned rescue boats near the most vulnerable low-lying neighborhoods. Meanwhile, utility companies are working around the clock to restore power to approximately forty-five thousand homes that were disconnected when strong wind gusts brought down several major transmission lines. The municipal commissioner is scheduled to hold a live press conference at the BMC headquarters at precisely six fifteen tonight to provide further updates and safety instructions for all citizens.",T4_ideal_1.wav,T4_synth_rushed_pace_sev2.wav,rushed_pace,2,"Emergency response teams, including the Coast Guard and local fire departments, remain on high alert and have pre-positioned rescue boats near the most vulnerable low-lying neighborhoods.",synthetic_perturbation,CC-BY-4.0,yes,phone,indoor_quiet,clean,21bec9b7f014a88cf7d6e6c4d25b9c6242e25aefb5d0cb8d3d43eb07f1ec5247,76.748,val,,,SYNTH
S079,T4,SPK01,synth_rushed_pace_sev3,"Local authorities in downtown Mumbai are advising residents to prepare for severe weather conditions expected to arrive late tomorrow evening. Meteorologists at the Indian Meteorological Department have issued a flash flood warning for the Konkan region and the surrounding metropolitan areas following an unprecedented three inches of rainfall this morning. City officials have proactively closed the primary suspension bridge on the Bandra-Worli Sea Link, causing significant traffic delays stretching all the way back to the international airport. Emergency response teams, including the Coast Guard and local fire departments, remain on high alert and have pre-positioned rescue boats near the most vulnerable low-lying neighborhoods. Meanwhile, utility companies are working around the clock to restore power to approximately forty-five thousand homes that were disconnected when strong wind gusts brought down several major transmission lines. The municipal commissioner is scheduled to hold a live press conference at the BMC headquarters at precisely six fifteen tonight to provide further updates and safety instructions for all citizens.",T4_ideal_1.wav,T4_synth_rushed_pace_sev3.wav,rushed_pace,3,"Emergency response teams, including the Coast Guard and local fire departments, remain on high alert and have pre-positioned rescue boats near the most vulnerable low-lying neighborhoods.",synthetic_perturbation,CC-BY-4.0,yes,phone,indoor_quiet,clean,9f851357ee975803721f297cc757dd9a1de56599911f21e67465f69dc1adfeb7,75.738,val,,,SYNTH
S080,T4,SPK01,synth_rushed_pace_sev4,"Local authorities in downtown Mumbai are advising residents to prepare for severe weather conditions expected to arrive late tomorrow evening. Meteorologists at the Indian Meteorological Department have issued a flash flood warning for the Konkan region and the surrounding metropolitan areas following an unprecedented three inches of rainfall this morning. City officials have proactively closed the primary suspension bridge on the Bandra-Worli Sea Link, causing significant traffic delays stretching all the way back to the international airport. Emergency response teams, including the Coast Guard and local fire departments, remain on high alert and have pre-positioned rescue boats near the most vulnerable low-lying neighborhoods. Meanwhile, utility companies are working around the clock to restore power to approximately forty-five thousand homes that were disconnected when strong wind gusts brought down several major transmission lines. The municipal commissioner is scheduled to hold a live press conference at the BMC headquarters at precisely six fifteen tonight to provide further updates and safety instructions for all citizens.",T4_ideal_1.wav,T4_synth_rushed_pace_sev4.wav,rushed_pace,4,"Emergency response teams, including the Coast Guard and local fire departments, remain on high alert and have pre-positioned rescue boats near the most vulnerable low-lying neighborhoods.",synthetic_perturbation,CC-BY-4.0,yes,phone,indoor_quiet,clean,75102a68f7b6e21c01df74ad15531aca231574b9d1fc3442c14fbb4dc114a94c,74.952,val,,,SYNTH
S081,T4,SPK01,synth_dead_pause_sev1,"Local authorities in downtown Mumbai are advising residents to prepare for severe weather conditions expected to arrive late tomorrow evening. Meteorologists at the Indian Meteorological Department have issued a flash flood warning for the Konkan region and the surrounding metropolitan areas following an unprecedented three inches of rainfall this morning. City officials have proactively closed the primary suspension bridge on the Bandra-Worli Sea Link, causing significant traffic delays stretching all the way back to the international airport. Emergency response teams, including the Coast Guard and local fire departments, remain on high alert and have pre-positioned rescue boats near the most vulnerable low-lying neighborhoods. Meanwhile, utility companies are working around the clock to restore power to approximately forty-five thousand homes that were disconnected when strong wind gusts brought down several major transmission lines. The municipal commissioner is scheduled to hold a live press conference at the BMC headquarters at precisely six fifteen tonight to provide further updates and safety instructions for all citizens.",T4_ideal_1.wav,T4_synth_dead_pause_sev1.wav,dead_pause,1,"Emergency response teams, including the Coast Guard and local fire departments, remain on high alert and have pre-positioned rescue boats near the most vulnerable low-lying neighborhoods.",synthetic_perturbation,CC-BY-4.0,yes,phone,indoor_quiet,clean,87011e1cf1f64ed5911f3bdb36e43ff194797841a43aa56fb628edf37d2ff916,80.483,val,,,SYNTH
S082,T4,SPK01,synth_dead_pause_sev2,"Local authorities in downtown Mumbai are advising residents to prepare for severe weather conditions expected to arrive late tomorrow evening. Meteorologists at the Indian Meteorological Department have issued a flash flood warning for the Konkan region and the surrounding metropolitan areas following an unprecedented three inches of rainfall this morning. City officials have proactively closed the primary suspension bridge on the Bandra-Worli Sea Link, causing significant traffic delays stretching all the way back to the international airport. Emergency response teams, including the Coast Guard and local fire departments, remain on high alert and have pre-positioned rescue boats near the most vulnerable low-lying neighborhoods. Meanwhile, utility companies are working around the clock to restore power to approximately forty-five thousand homes that were disconnected when strong wind gusts brought down several major transmission lines. The municipal commissioner is scheduled to hold a live press conference at the BMC headquarters at precisely six fifteen tonight to provide further updates and safety instructions for all citizens.",T4_ideal_1.wav,T4_synth_dead_pause_sev2.wav,dead_pause,2,"Emergency response teams, including the Coast Guard and local fire departments, remain on high alert and have pre-positioned rescue boats near the most vulnerable low-lying neighborhoods.",synthetic_perturbation,CC-BY-4.0,yes,phone,indoor_quiet,clean,6eb63aba09c973407d3f94e82530193a8cbd8442925e12648ba439bb8f454342,80.983,val,,,SYNTH
S083,T4,SPK01,synth_dead_pause_sev3,"Local authorities in downtown Mumbai are advising residents to prepare for severe weather conditions expected to arrive late tomorrow evening. Meteorologists at the Indian Meteorological Department have issued a flash flood warning for the Konkan region and the surrounding metropolitan areas following an unprecedented three inches of rainfall this morning. City officials have proactively closed the primary suspension bridge on the Bandra-Worli Sea Link, causing significant traffic delays stretching all the way back to the international airport. Emergency response teams, including the Coast Guard and local fire departments, remain on high alert and have pre-positioned rescue boats near the most vulnerable low-lying neighborhoods. Meanwhile, utility companies are working around the clock to restore power to approximately forty-five thousand homes that were disconnected when strong wind gusts brought down several major transmission lines. The municipal commissioner is scheduled to hold a live press conference at the BMC headquarters at precisely six fifteen tonight to provide further updates and safety instructions for all citizens.",T4_ideal_1.wav,T4_synth_dead_pause_sev3.wav,dead_pause,3,"Emergency response teams, including the Coast Guard and local fire departments, remain on high alert and have pre-positioned rescue boats near the most vulnerable low-lying neighborhoods.",synthetic_perturbation,CC-BY-4.0,yes,phone,indoor_quiet,clean,3cf28b95d1ccbdb3ab8b786bdbb1dd4a4d11e439c349c8fa106d3613dddf24b7,81.683,val,,,SYNTH
S084,T4,SPK01,synth_dead_pause_sev4,"Local authorities in downtown Mumbai are advising residents to prepare for severe weather conditions expected to arrive late tomorrow evening. Meteorologists at the Indian Meteorological Department have issued a flash flood warning for the Konkan region and the surrounding metropolitan areas following an unprecedented three inches of rainfall this morning. City officials have proactively closed the primary suspension bridge on the Bandra-Worli Sea Link, causing significant traffic delays stretching all the way back to the international airport. Emergency response teams, including the Coast Guard and local fire departments, remain on high alert and have pre-positioned rescue boats near the most vulnerable low-lying neighborhoods. Meanwhile, utility companies are working around the clock to restore power to approximately forty-five thousand homes that were disconnected when strong wind gusts brought down several major transmission lines. The municipal commissioner is scheduled to hold a live press conference at the BMC headquarters at precisely six fifteen tonight to provide further updates and safety instructions for all citizens.",T4_ideal_1.wav,T4_synth_dead_pause_sev4.wav,dead_pause,4,"Emergency response teams, including the Coast Guard and local fire departments, remain on high alert and have pre-positioned rescue boats near the most vulnerable low-lying neighborhoods.",synthetic_perturbation,CC-BY-4.0,yes,phone,indoor_quiet,clean,d88cba9ac0fc60d2d8808d9864fa569137f58bfe97a0c01a075458b08e8c6946,82.483,val,,,SYNTH
S085,T4,SPK01,synth_flat_pitch_sev1,"Local authorities in downtown Mumbai are advising residents to prepare for severe weather conditions expected to arrive late tomorrow evening. Meteorologists at the Indian Meteorological Department have issued a flash flood warning for the Konkan region and the surrounding metropolitan areas following an unprecedented three inches of rainfall this morning. City officials have proactively closed the primary suspension bridge on the Bandra-Worli Sea Link, causing significant traffic delays stretching all the way back to the international airport. Emergency response teams, including the Coast Guard and local fire departments, remain on high alert and have pre-positioned rescue boats near the most vulnerable low-lying neighborhoods. Meanwhile, utility companies are working around the clock to restore power to approximately forty-five thousand homes that were disconnected when strong wind gusts brought down several major transmission lines. The municipal commissioner is scheduled to hold a live press conference at the BMC headquarters at precisely six fifteen tonight to provide further updates and safety instructions for all citizens.",T4_ideal_1.wav,T4_synth_flat_pitch_sev1.wav,flat_pitch,1,"Emergency response teams, including the Coast Guard and local fire departments, remain on high alert and have pre-positioned rescue boats near the most vulnerable low-lying neighborhoods.",synthetic_perturbation,CC-BY-4.0,yes,phone,indoor_quiet,clean,49e61265b9e401e1946468dfc0d4bfc15a077fff78a02c0a08a68cd681be55be,79.983,val,,,SYNTH
S086,T4,SPK01,synth_flat_pitch_sev2,"Local authorities in downtown Mumbai are advising residents to prepare for severe weather conditions expected to arrive late tomorrow evening. Meteorologists at the Indian Meteorological Department have issued a flash flood warning for the Konkan region and the surrounding metropolitan areas following an unprecedented three inches of rainfall this morning. City officials have proactively closed the primary suspension bridge on the Bandra-Worli Sea Link, causing significant traffic delays stretching all the way back to the international airport. Emergency response teams, including the Coast Guard and local fire departments, remain on high alert and have pre-positioned rescue boats near the most vulnerable low-lying neighborhoods. Meanwhile, utility companies are working around the clock to restore power to approximately forty-five thousand homes that were disconnected when strong wind gusts brought down several major transmission lines. The municipal commissioner is scheduled to hold a live press conference at the BMC headquarters at precisely six fifteen tonight to provide further updates and safety instructions for all citizens.",T4_ideal_1.wav,T4_synth_flat_pitch_sev2.wav,flat_pitch,2,"Emergency response teams, including the Coast Guard and local fire departments, remain on high alert and have pre-positioned rescue boats near the most vulnerable low-lying neighborhoods.",synthetic_perturbation,CC-BY-4.0,yes,phone,indoor_quiet,clean,2a71a03a43a691bc631f52f65fbc28b34aabf47cd375c8ace0cf735124bfede1,79.983,val,,,SYNTH
S087,T4,SPK01,synth_flat_pitch_sev3,"Local authorities in downtown Mumbai are advising residents to prepare for severe weather conditions expected to arrive late tomorrow evening. Meteorologists at the Indian Meteorological Department have issued a flash flood warning for the Konkan region and the surrounding metropolitan areas following an unprecedented three inches of rainfall this morning. City officials have proactively closed the primary suspension bridge on the Bandra-Worli Sea Link, causing significant traffic delays stretching all the way back to the international airport. Emergency response teams, including the Coast Guard and local fire departments, remain on high alert and have pre-positioned rescue boats near the most vulnerable low-lying neighborhoods. Meanwhile, utility companies are working around the clock to restore power to approximately forty-five thousand homes that were disconnected when strong wind gusts brought down several major transmission lines. The municipal commissioner is scheduled to hold a live press conference at the BMC headquarters at precisely six fifteen tonight to provide further updates and safety instructions for all citizens.",T4_ideal_1.wav,T4_synth_flat_pitch_sev3.wav,flat_pitch,3,"Emergency response teams, including the Coast Guard and local fire departments, remain on high alert and have pre-positioned rescue boats near the most vulnerable low-lying neighborhoods.",synthetic_perturbation,CC-BY-4.0,yes,phone,indoor_quiet,clean,c08bf60025a94ed03c01165d266a623b9e04835d4ba7d6f298c013c31d87947d,79.983,val,,,SYNTH
S088,T4,SPK01,synth_flat_pitch_sev4,"Local authorities in downtown Mumbai are advising residents to prepare for severe weather conditions expected to arrive late tomorrow evening. Meteorologists at the Indian Meteorological Department have issued a flash flood warning for the Konkan region and the surrounding metropolitan areas following an unprecedented three inches of rainfall this morning. City officials have proactively closed the primary suspension bridge on the Bandra-Worli Sea Link, causing significant traffic delays stretching all the way back to the international airport. Emergency response teams, including the Coast Guard and local fire departments, remain on high alert and have pre-positioned rescue boats near the most vulnerable low-lying neighborhoods. Meanwhile, utility companies are working around the clock to restore power to approximately forty-five thousand homes that were disconnected when strong wind gusts brought down several major transmission lines. The municipal commissioner is scheduled to hold a live press conference at the BMC headquarters at precisely six fifteen tonight to provide further updates and safety instructions for all citizens.",T4_ideal_1.wav,T4_synth_flat_pitch_sev4.wav,flat_pitch,4,"Emergency response teams, including the Coast Guard and local fire departments, remain on high alert and have pre-positioned rescue boats near the most vulnerable low-lying neighborhoods.",synthetic_perturbation,CC-BY-4.0,yes,phone,indoor_quiet,clean,5e001610b2d60b45554c1dfa1f932231489a9acc6fb5c008e0261b28ca9c02b6,79.983,val,,,SYNTH
S089,T4,SPK01,synth_mumbled_clarity_sev1,"Local authorities in downtown Mumbai are advising residents to prepare for severe weather conditions expected to arrive late tomorrow evening. Meteorologists at the Indian Meteorological Department have issued a flash flood warning for the Konkan region and the surrounding metropolitan areas following an unprecedented three inches of rainfall this morning. City officials have proactively closed the primary suspension bridge on the Bandra-Worli Sea Link, causing significant traffic delays stretching all the way back to the international airport. Emergency response teams, including the Coast Guard and local fire departments, remain on high alert and have pre-positioned rescue boats near the most vulnerable low-lying neighborhoods. Meanwhile, utility companies are working around the clock to restore power to approximately forty-five thousand homes that were disconnected when strong wind gusts brought down several major transmission lines. The municipal commissioner is scheduled to hold a live press conference at the BMC headquarters at precisely six fifteen tonight to provide further updates and safety instructions for all citizens.",T4_ideal_1.wav,T4_synth_mumbled_clarity_sev1.wav,mumbled_clarity,1,"Emergency response teams, including the Coast Guard and local fire departments, remain on high alert and have pre-positioned rescue boats near the most vulnerable low-lying neighborhoods.",synthetic_perturbation,CC-BY-4.0,yes,phone,indoor_quiet,clean,118b693eca92231d57299a2ef06bb21a1f7420a18a58fd619493003be64626a2,79.983,val,,,SYNTH
S090,T4,SPK01,synth_mumbled_clarity_sev2,"Local authorities in downtown Mumbai are advising residents to prepare for severe weather conditions expected to arrive late tomorrow evening. Meteorologists at the Indian Meteorological Department have issued a flash flood warning for the Konkan region and the surrounding metropolitan areas following an unprecedented three inches of rainfall this morning. City officials have proactively closed the primary suspension bridge on the Bandra-Worli Sea Link, causing significant traffic delays stretching all the way back to the international airport. Emergency response teams, including the Coast Guard and local fire departments, remain on high alert and have pre-positioned rescue boats near the most vulnerable low-lying neighborhoods. Meanwhile, utility companies are working around the clock to restore power to approximately forty-five thousand homes that were disconnected when strong wind gusts brought down several major transmission lines. The municipal commissioner is scheduled to hold a live press conference at the BMC headquarters at precisely six fifteen tonight to provide further updates and safety instructions for all citizens.",T4_ideal_1.wav,T4_synth_mumbled_clarity_sev2.wav,mumbled_clarity,2,"Emergency response teams, including the Coast Guard and local fire departments, remain on high alert and have pre-positioned rescue boats near the most vulnerable low-lying neighborhoods.",synthetic_perturbation,CC-BY-4.0,yes,phone,indoor_quiet,clean,a7c4e297581d1c354052d4d6b3776f195d3a1472ee2e96be174942cfebc26a00,79.983,val,,,SYNTH
S091,T4,SPK01,synth_mumbled_clarity_sev3,"Local authorities in downtown Mumbai are advising residents to prepare for severe weather conditions expected to arrive late tomorrow evening. Meteorologists at the Indian Meteorological Department have issued a flash flood warning for the Konkan region and the surrounding metropolitan areas following an unprecedented three inches of rainfall this morning. City officials have proactively closed the primary suspension bridge on the Bandra-Worli Sea Link, causing significant traffic delays stretching all the way back to the international airport. Emergency response teams, including the Coast Guard and local fire departments, remain on high alert and have pre-positioned rescue boats near the most vulnerable low-lying neighborhoods. Meanwhile, utility companies are working around the clock to restore power to approximately forty-five thousand homes that were disconnected when strong wind gusts brought down several major transmission lines. The municipal commissioner is scheduled to hold a live press conference at the BMC headquarters at precisely six fifteen tonight to provide further updates and safety instructions for all citizens.",T4_ideal_1.wav,T4_synth_mumbled_clarity_sev3.wav,mumbled_clarity,3,"Emergency response teams, including the Coast Guard and local fire departments, remain on high alert and have pre-positioned rescue boats near the most vulnerable low-lying neighborhoods.",synthetic_perturbation,CC-BY-4.0,yes,phone,indoor_quiet,clean,46ef87c48ffc2c6c6591380f6ab8d5bde5364e810c4db7b557ce2db376103e96,79.983,val,,,SYNTH
S092,T4,SPK01,synth_mumbled_clarity_sev4,"Local authorities in downtown Mumbai are advising residents to prepare for severe weather conditions expected to arrive late tomorrow evening. Meteorologists at the Indian Meteorological Department have issued a flash flood warning for the Konkan region and the surrounding metropolitan areas following an unprecedented three inches of rainfall this morning. City officials have proactively closed the primary suspension bridge on the Bandra-Worli Sea Link, causing significant traffic delays stretching all the way back to the international airport. Emergency response teams, including the Coast Guard and local fire departments, remain on high alert and have pre-positioned rescue boats near the most vulnerable low-lying neighborhoods. Meanwhile, utility companies are working around the clock to restore power to approximately forty-five thousand homes that were disconnected when strong wind gusts brought down several major transmission lines. The municipal commissioner is scheduled to hold a live press conference at the BMC headquarters at precisely six fifteen tonight to provide further updates and safety instructions for all citizens.",T4_ideal_1.wav,T4_synth_mumbled_clarity_sev4.wav,mumbled_clarity,4,"Emergency response teams, including the Coast Guard and local fire departments, remain on high alert and have pre-positioned rescue boats near the most vulnerable low-lying neighborhoods.",synthetic_perturbation,CC-BY-4.0,yes,phone,indoor_quiet,clean,5e526f9ed66dc279b702565e2af48721faf0b6556b52beb5a4cc3d0523d95626,79.983,val,,,SYNTH
S093,T5,SPK01,synth_rushed_pace_sev1,"The old wooden floorboards creaked loudly as Inspector Deshmukh slowly navigated the narrow hallway of the abandoned colonial mansion in Shimla. He carefully aimed his flickering flashlight toward the ceiling, revealing intricate spiderwebs that danced slightly in the cold, damp draft coming from a broken window. According to the police records from nineteen eighty-seven, this exact location was the site of a notorious art heist where three priceless Tanjore paintings vanished without a single trace. As he stepped into the main library, his boot brushed against a loose floorboard, echoing through the silent house and making his heart skip a sudden beat. Hidden beneath the dusty rug, he discovered a small, ornate brass key that looked like it belonged to an antique grandfather clock or a heavy iron safe. He slipped the strange artifact into his khaki coat pocket, knowing instinctively that this forgotten piece of evidence would finally unravel the town's oldest unsolved mystery.",T5_ideal_1.wav,T5_synth_rushed_pace_sev1.wav,rushed_pace,1,"As he stepped into the main library, his boot brushed against a loose floorboard, echoing through the silent house and making his heart skip a sudden beat.",synthetic_perturbation,CC-BY-4.0,yes,phone,indoor_quiet,clean,82012331554ff53ccbcbc8ea3ebc5978976015426a713289ba0dab678e8f5628,68.685,test,,,SYNTH
S094,T5,SPK01,synth_rushed_pace_sev2,"The old wooden floorboards creaked loudly as Inspector Deshmukh slowly navigated the narrow hallway of the abandoned colonial mansion in Shimla. He carefully aimed his flickering flashlight toward the ceiling, revealing intricate spiderwebs that danced slightly in the cold, damp draft coming from a broken window. According to the police records from nineteen eighty-seven, this exact location was the site of a notorious art heist where three priceless Tanjore paintings vanished without a single trace. As he stepped into the main library, his boot brushed against a loose floorboard, echoing through the silent house and making his heart skip a sudden beat. Hidden beneath the dusty rug, he discovered a small, ornate brass key that looked like it belonged to an antique grandfather clock or a heavy iron safe. He slipped the strange artifact into his khaki coat pocket, knowing instinctively that this forgotten piece of evidence would finally unravel the town's oldest unsolved mystery.",T5_ideal_1.wav,T5_synth_rushed_pace_sev2.wav,rushed_pace,2,"As he stepped into the main library, his boot brushed against a loose floorboard, echoing through the silent house and making his heart skip a sudden beat.",synthetic_perturbation,CC-BY-4.0,yes,phone,indoor_quiet,clean,c7f63ea491ebe53db886004080fd7e46c17212e80c346cd10d561b26ecb785db,67.442,test,,,SYNTH
S095,T5,SPK01,synth_rushed_pace_sev3,"The old wooden floorboards creaked loudly as Inspector Deshmukh slowly navigated the narrow hallway of the abandoned colonial mansion in Shimla. He carefully aimed his flickering flashlight toward the ceiling, revealing intricate spiderwebs that danced slightly in the cold, damp draft coming from a broken window. According to the police records from nineteen eighty-seven, this exact location was the site of a notorious art heist where three priceless Tanjore paintings vanished without a single trace. As he stepped into the main library, his boot brushed against a loose floorboard, echoing through the silent house and making his heart skip a sudden beat. Hidden beneath the dusty rug, he discovered a small, ornate brass key that looked like it belonged to an antique grandfather clock or a heavy iron safe. He slipped the strange artifact into his khaki coat pocket, knowing instinctively that this forgotten piece of evidence would finally unravel the town's oldest unsolved mystery.",T5_ideal_1.wav,T5_synth_rushed_pace_sev3.wav,rushed_pace,3,"As he stepped into the main library, his boot brushed against a loose floorboard, echoing through the silent house and making his heart skip a sudden beat.",synthetic_perturbation,CC-BY-4.0,yes,phone,indoor_quiet,clean,35d9c465335b1b117e51cb956f47f20047a903c036057c0f25c232fe4a47d547,66.51,test,,,SYNTH
S096,T5,SPK01,synth_rushed_pace_sev4,"The old wooden floorboards creaked loudly as Inspector Deshmukh slowly navigated the narrow hallway of the abandoned colonial mansion in Shimla. He carefully aimed his flickering flashlight toward the ceiling, revealing intricate spiderwebs that danced slightly in the cold, damp draft coming from a broken window. According to the police records from nineteen eighty-seven, this exact location was the site of a notorious art heist where three priceless Tanjore paintings vanished without a single trace. As he stepped into the main library, his boot brushed against a loose floorboard, echoing through the silent house and making his heart skip a sudden beat. Hidden beneath the dusty rug, he discovered a small, ornate brass key that looked like it belonged to an antique grandfather clock or a heavy iron safe. He slipped the strange artifact into his khaki coat pocket, knowing instinctively that this forgotten piece of evidence would finally unravel the town's oldest unsolved mystery.",T5_ideal_1.wav,T5_synth_rushed_pace_sev4.wav,rushed_pace,4,"As he stepped into the main library, his boot brushed against a loose floorboard, echoing through the silent house and making his heart skip a sudden beat.",synthetic_perturbation,CC-BY-4.0,yes,phone,indoor_quiet,clean,14adfd30e9492a863750ee308cdc53c59876ec45a032aaa2e2168757f755a6b7,65.785,test,,,SYNTH
S097,T5,SPK01,synth_dead_pause_sev1,"The old wooden floorboards creaked loudly as Inspector Deshmukh slowly navigated the narrow hallway of the abandoned colonial mansion in Shimla. He carefully aimed his flickering flashlight toward the ceiling, revealing intricate spiderwebs that danced slightly in the cold, damp draft coming from a broken window. According to the police records from nineteen eighty-seven, this exact location was the site of a notorious art heist where three priceless Tanjore paintings vanished without a single trace. As he stepped into the main library, his boot brushed against a loose floorboard, echoing through the silent house and making his heart skip a sudden beat. Hidden beneath the dusty rug, he discovered a small, ornate brass key that looked like it belonged to an antique grandfather clock or a heavy iron safe. He slipped the strange artifact into his khaki coat pocket, knowing instinctively that this forgotten piece of evidence would finally unravel the town's oldest unsolved mystery.",T5_ideal_1.wav,T5_synth_dead_pause_sev1.wav,dead_pause,1,"As he stepped into the main library, his boot brushed against a loose floorboard, echoing through the silent house and making his heart skip a sudden beat.",synthetic_perturbation,CC-BY-4.0,yes,phone,indoor_quiet,clean,a6e3cb41450c07f4ec5ac42b22f4ebbee5ed906304f9a3df57af71928b606d43,70.925,test,,,SYNTH
S098,T5,SPK01,synth_dead_pause_sev2,"The old wooden floorboards creaked loudly as Inspector Deshmukh slowly navigated the narrow hallway of the abandoned colonial mansion in Shimla. He carefully aimed his flickering flashlight toward the ceiling, revealing intricate spiderwebs that danced slightly in the cold, damp draft coming from a broken window. According to the police records from nineteen eighty-seven, this exact location was the site of a notorious art heist where three priceless Tanjore paintings vanished without a single trace. As he stepped into the main library, his boot brushed against a loose floorboard, echoing through the silent house and making his heart skip a sudden beat. Hidden beneath the dusty rug, he discovered a small, ornate brass key that looked like it belonged to an antique grandfather clock or a heavy iron safe. He slipped the strange artifact into his khaki coat pocket, knowing instinctively that this forgotten piece of evidence would finally unravel the town's oldest unsolved mystery.",T5_ideal_1.wav,T5_synth_dead_pause_sev2.wav,dead_pause,2,"As he stepped into the main library, his boot brushed against a loose floorboard, echoing through the silent house and making his heart skip a sudden beat.",synthetic_perturbation,CC-BY-4.0,yes,phone,indoor_quiet,clean,308ac08e62b794a8b88edd5d510b87ab12f8651dd59100e2e36f87e2eaf466c0,71.425,test,,,SYNTH
S099,T5,SPK01,synth_dead_pause_sev3,"The old wooden floorboards creaked loudly as Inspector Deshmukh slowly navigated the narrow hallway of the abandoned colonial mansion in Shimla. He carefully aimed his flickering flashlight toward the ceiling, revealing intricate spiderwebs that danced slightly in the cold, damp draft coming from a broken window. According to the police records from nineteen eighty-seven, this exact location was the site of a notorious art heist where three priceless Tanjore paintings vanished without a single trace. As he stepped into the main library, his boot brushed against a loose floorboard, echoing through the silent house and making his heart skip a sudden beat. Hidden beneath the dusty rug, he discovered a small, ornate brass key that looked like it belonged to an antique grandfather clock or a heavy iron safe. He slipped the strange artifact into his khaki coat pocket, knowing instinctively that this forgotten piece of evidence would finally unravel the town's oldest unsolved mystery.",T5_ideal_1.wav,T5_synth_dead_pause_sev3.wav,dead_pause,3,"As he stepped into the main library, his boot brushed against a loose floorboard, echoing through the silent house and making his heart skip a sudden beat.",synthetic_perturbation,CC-BY-4.0,yes,phone,indoor_quiet,clean,fa2e7fcee9a54a10477ac8b7441f2b24899cb1dae9fed678904fed4361926fac,72.125,test,,,SYNTH
S100,T5,SPK01,synth_dead_pause_sev4,"The old wooden floorboards creaked loudly as Inspector Deshmukh slowly navigated the narrow hallway of the abandoned colonial mansion in Shimla. He carefully aimed his flickering flashlight toward the ceiling, revealing intricate spiderwebs that danced slightly in the cold, damp draft coming from a broken window. According to the police records from nineteen eighty-seven, this exact location was the site of a notorious art heist where three priceless Tanjore paintings vanished without a single trace. As he stepped into the main library, his boot brushed against a loose floorboard, echoing through the silent house and making his heart skip a sudden beat. Hidden beneath the dusty rug, he discovered a small, ornate brass key that looked like it belonged to an antique grandfather clock or a heavy iron safe. He slipped the strange artifact into his khaki coat pocket, knowing instinctively that this forgotten piece of evidence would finally unravel the town's oldest unsolved mystery.",T5_ideal_1.wav,T5_synth_dead_pause_sev4.wav,dead_pause,4,"As he stepped into the main library, his boot brushed against a loose floorboard, echoing through the silent house and making his heart skip a sudden beat.",synthetic_perturbation,CC-BY-4.0,yes,phone,indoor_quiet,clean,78db62ed4fff1bbf826940ef71e74b82ff90f4adf178dd62e446e67c512a9f92,72.925,test,,,SYNTH
S101,T5,SPK01,synth_flat_pitch_sev1,"The old wooden floorboards creaked loudly as Inspector Deshmukh slowly navigated the narrow hallway of the abandoned colonial mansion in Shimla. He carefully aimed his flickering flashlight toward the ceiling, revealing intricate spiderwebs that danced slightly in the cold, damp draft coming from a broken window. According to the police records from nineteen eighty-seven, this exact location was the site of a notorious art heist where three priceless Tanjore paintings vanished without a single trace. As he stepped into the main library, his boot brushed against a loose floorboard, echoing through the silent house and making his heart skip a sudden beat. Hidden beneath the dusty rug, he discovered a small, ornate brass key that looked like it belonged to an antique grandfather clock or a heavy iron safe. He slipped the strange artifact into his khaki coat pocket, knowing instinctively that this forgotten piece of evidence would finally unravel the town's oldest unsolved mystery.",T5_ideal_1.wav,T5_synth_flat_pitch_sev1.wav,flat_pitch,1,"As he stepped into the main library, his boot brushed against a loose floorboard, echoing through the silent house and making his heart skip a sudden beat.",synthetic_perturbation,CC-BY-4.0,yes,phone,indoor_quiet,clean,b1d2eccb786f3073787eec213d6fa4ce19626eb3ad2e6822cd02fcc8ae88edc9,70.425,test,,,SYNTH
S102,T5,SPK01,synth_flat_pitch_sev2,"The old wooden floorboards creaked loudly as Inspector Deshmukh slowly navigated the narrow hallway of the abandoned colonial mansion in Shimla. He carefully aimed his flickering flashlight toward the ceiling, revealing intricate spiderwebs that danced slightly in the cold, damp draft coming from a broken window. According to the police records from nineteen eighty-seven, this exact location was the site of a notorious art heist where three priceless Tanjore paintings vanished without a single trace. As he stepped into the main library, his boot brushed against a loose floorboard, echoing through the silent house and making his heart skip a sudden beat. Hidden beneath the dusty rug, he discovered a small, ornate brass key that looked like it belonged to an antique grandfather clock or a heavy iron safe. He slipped the strange artifact into his khaki coat pocket, knowing instinctively that this forgotten piece of evidence would finally unravel the town's oldest unsolved mystery.",T5_ideal_1.wav,T5_synth_flat_pitch_sev2.wav,flat_pitch,2,"As he stepped into the main library, his boot brushed against a loose floorboard, echoing through the silent house and making his heart skip a sudden beat.",synthetic_perturbation,CC-BY-4.0,yes,phone,indoor_quiet,clean,d95ec3d78298624d8abb772969be6c88eef58e08aa8a6495ff12a88fbbc834ee,70.425,test,,,SYNTH
S103,T5,SPK01,synth_flat_pitch_sev3,"The old wooden floorboards creaked loudly as Inspector Deshmukh slowly navigated the narrow hallway of the abandoned colonial mansion in Shimla. He carefully aimed his flickering flashlight toward the ceiling, revealing intricate spiderwebs that danced slightly in the cold, damp draft coming from a broken window. According to the police records from nineteen eighty-seven, this exact location was the site of a notorious art heist where three priceless Tanjore paintings vanished without a single trace. As he stepped into the main library, his boot brushed against a loose floorboard, echoing through the silent house and making his heart skip a sudden beat. Hidden beneath the dusty rug, he discovered a small, ornate brass key that looked like it belonged to an antique grandfather clock or a heavy iron safe. He slipped the strange artifact into his khaki coat pocket, knowing instinctively that this forgotten piece of evidence would finally unravel the town's oldest unsolved mystery.",T5_ideal_1.wav,T5_synth_flat_pitch_sev3.wav,flat_pitch,3,"As he stepped into the main library, his boot brushed against a loose floorboard, echoing through the silent house and making his heart skip a sudden beat.",synthetic_perturbation,CC-BY-4.0,yes,phone,indoor_quiet,clean,be454a3b20cc46baa19b6848b9cecdc0e85065f400cdeedeb4522ed6657f866a,70.425,test,,,SYNTH
S104,T5,SPK01,synth_flat_pitch_sev4,"The old wooden floorboards creaked loudly as Inspector Deshmukh slowly navigated the narrow hallway of the abandoned colonial mansion in Shimla. He carefully aimed his flickering flashlight toward the ceiling, revealing intricate spiderwebs that danced slightly in the cold, damp draft coming from a broken window. According to the police records from nineteen eighty-seven, this exact location was the site of a notorious art heist where three priceless Tanjore paintings vanished without a single trace. As he stepped into the main library, his boot brushed against a loose floorboard, echoing through the silent house and making his heart skip a sudden beat. Hidden beneath the dusty rug, he discovered a small, ornate brass key that looked like it belonged to an antique grandfather clock or a heavy iron safe. He slipped the strange artifact into his khaki coat pocket, knowing instinctively that this forgotten piece of evidence would finally unravel the town's oldest unsolved mystery.",T5_ideal_1.wav,T5_synth_flat_pitch_sev4.wav,flat_pitch,4,"As he stepped into the main library, his boot brushed against a loose floorboard, echoing through the silent house and making his heart skip a sudden beat.",synthetic_perturbation,CC-BY-4.0,yes,phone,indoor_quiet,clean,20e5e1aea17930e9183d755ca65114222fc4b6851e655384f31ebc95966ddddc,70.425,test,,,SYNTH
S105,T5,SPK01,synth_mumbled_clarity_sev1,"The old wooden floorboards creaked loudly as Inspector Deshmukh slowly navigated the narrow hallway of the abandoned colonial mansion in Shimla. He carefully aimed his flickering flashlight toward the ceiling, revealing intricate spiderwebs that danced slightly in the cold, damp draft coming from a broken window. According to the police records from nineteen eighty-seven, this exact location was the site of a notorious art heist where three priceless Tanjore paintings vanished without a single trace. As he stepped into the main library, his boot brushed against a loose floorboard, echoing through the silent house and making his heart skip a sudden beat. Hidden beneath the dusty rug, he discovered a small, ornate brass key that looked like it belonged to an antique grandfather clock or a heavy iron safe. He slipped the strange artifact into his khaki coat pocket, knowing instinctively that this forgotten piece of evidence would finally unravel the town's oldest unsolved mystery.",T5_ideal_1.wav,T5_synth_mumbled_clarity_sev1.wav,mumbled_clarity,1,"As he stepped into the main library, his boot brushed against a loose floorboard, echoing through the silent house and making his heart skip a sudden beat.",synthetic_perturbation,CC-BY-4.0,yes,phone,indoor_quiet,clean,27e0e19e19d24a8cb563c002b39eef199fea2d9081316f3af1c8216f2ae93ab1,70.425,test,,,SYNTH
S106,T5,SPK01,synth_mumbled_clarity_sev2,"The old wooden floorboards creaked loudly as Inspector Deshmukh slowly navigated the narrow hallway of the abandoned colonial mansion in Shimla. He carefully aimed his flickering flashlight toward the ceiling, revealing intricate spiderwebs that danced slightly in the cold, damp draft coming from a broken window. According to the police records from nineteen eighty-seven, this exact location was the site of a notorious art heist where three priceless Tanjore paintings vanished without a single trace. As he stepped into the main library, his boot brushed against a loose floorboard, echoing through the silent house and making his heart skip a sudden beat. Hidden beneath the dusty rug, he discovered a small, ornate brass key that looked like it belonged to an antique grandfather clock or a heavy iron safe. He slipped the strange artifact into his khaki coat pocket, knowing instinctively that this forgotten piece of evidence would finally unravel the town's oldest unsolved mystery.",T5_ideal_1.wav,T5_synth_mumbled_clarity_sev2.wav,mumbled_clarity,2,"As he stepped into the main library, his boot brushed against a loose floorboard, echoing through the silent house and making his heart skip a sudden beat.",synthetic_perturbation,CC-BY-4.0,yes,phone,indoor_quiet,clean,77a87ceb62fbe50d7981ecb20f5b642703e34ab9dcc3582e5f02be7d9ca031b3,70.425,test,,,SYNTH
S107,T5,SPK01,synth_mumbled_clarity_sev3,"The old wooden floorboards creaked loudly as Inspector Deshmukh slowly navigated the narrow hallway of the abandoned colonial mansion in Shimla. He carefully aimed his flickering flashlight toward the ceiling, revealing intricate spiderwebs that danced slightly in the cold, damp draft coming from a broken window. According to the police records from nineteen eighty-seven, this exact location was the site of a notorious art heist where three priceless Tanjore paintings vanished without a single trace. As he stepped into the main library, his boot brushed against a loose floorboard, echoing through the silent house and making his heart skip a sudden beat. Hidden beneath the dusty rug, he discovered a small, ornate brass key that looked like it belonged to an antique grandfather clock or a heavy iron safe. He slipped the strange artifact into his khaki coat pocket, knowing instinctively that this forgotten piece of evidence would finally unravel the town's oldest unsolved mystery.",T5_ideal_1.wav,T5_synth_mumbled_clarity_sev3.wav,mumbled_clarity,3,"As he stepped into the main library, his boot brushed against a loose floorboard, echoing through the silent house and making his heart skip a sudden beat.",synthetic_perturbation,CC-BY-4.0,yes,phone,indoor_quiet,clean,c04df7cd391ea797f3c6b5d46fe4ab8aee957128ef819af8bd256efab9eac2a4,70.425,test,,,SYNTH
S108,T5,SPK01,synth_mumbled_clarity_sev4,"The old wooden floorboards creaked loudly as Inspector Deshmukh slowly navigated the narrow hallway of the abandoned colonial mansion in Shimla. He carefully aimed his flickering flashlight toward the ceiling, revealing intricate spiderwebs that danced slightly in the cold, damp draft coming from a broken window. According to the police records from nineteen eighty-seven, this exact location was the site of a notorious art heist where three priceless Tanjore paintings vanished without a single trace. As he stepped into the main library, his boot brushed against a loose floorboard, echoing through the silent house and making his heart skip a sudden beat. Hidden beneath the dusty rug, he discovered a small, ornate brass key that looked like it belonged to an antique grandfather clock or a heavy iron safe. He slipped the strange artifact into his khaki coat pocket, knowing instinctively that this forgotten piece of evidence would finally unravel the town's oldest unsolved mystery.",T5_ideal_1.wav,T5_synth_mumbled_clarity_sev4.wav,mumbled_clarity,4,"As he stepped into the main library, his boot brushed against a loose floorboard, echoing through the silent house and making his heart skip a sudden beat.",synthetic_perturbation,CC-BY-4.0,yes,phone,indoor_quiet,clean,a82242a026ac7c0a0e2d13b93de29f0da525c89f7abd0b9c379fe85389c86e57,70.425,test,,,SYNTH
S109,T6,SPK01,synth_rushed_pace_sev1,"Thank you for calling the Bharat Telecom customer support center; my name is Priya, and I will be assisting you with your account upgrade today. Before we proceed with changing your subscription plan, I need to verify your identity by asking for your four-digit security PIN and the billing PIN code on file. We are currently offering a promotional discount where you can receive three months of premium access completely free if you choose to switch to our annual billing cycle. Please note that any changes made to your account during this phone call will take approximately twenty-four to forty-eight hours to fully reflect on your online dashboard. If you happen to experience any login issues after the transition, we highly recommend clearing your browser cache and cookies before attempting to reset your password. I have just sent a confirmation SMS and email to the address on your profile, so please check your phone if you do not see it in your inbox within the next ten minutes.",T6_ideal_1.wav,T6_synth_rushed_pace_sev1.wav,rushed_pace,1,Please note that any changes made to your account during this phone call will take approximately twenty-four to forty-eight hours to fully reflect on your online dashboard.,synthetic_perturbation,CC-BY-4.0,yes,phone,indoor_quiet,clean,04910bb31e66a284dd284c8191fc1d19c3e39e38b73bb8bd98fdc7a921c39597,64.7,test,,,SYNTH
S110,T6,SPK01,synth_rushed_pace_sev2,"Thank you for calling the Bharat Telecom customer support center; my name is Priya, and I will be assisting you with your account upgrade today. Before we proceed with changing your subscription plan, I need to verify your identity by asking for your four-digit security PIN and the billing PIN code on file. We are currently offering a promotional discount where you can receive three months of premium access completely free if you choose to switch to our annual billing cycle. Please note that any changes made to your account during this phone call will take approximately twenty-four to forty-eight hours to fully reflect on your online dashboard. If you happen to experience any login issues after the transition, we highly recommend clearing your browser cache and cookies before attempting to reset your password. I have just sent a confirmation SMS and email to the address on your profile, so please check your phone if you do not see it in your inbox within the next ten minutes.",T6_ideal_1.wav,T6_synth_rushed_pace_sev2.wav,rushed_pace,2,Please note that any changes made to your account during this phone call will take approximately twenty-four to forty-eight hours to fully reflect on your online dashboard.,synthetic_perturbation,CC-BY-4.0,yes,phone,indoor_quiet,clean,c44e24920ad6e98c095bee67f65c73b9315948920dcdca34d4e9b05fc6542645,63.186,test,,,SYNTH
S111,T6,SPK01,synth_rushed_pace_sev3,"Thank you for calling the Bharat Telecom customer support center; my name is Priya, and I will be assisting you with your account upgrade today. Before we proceed with changing your subscription plan, I need to verify your identity by asking for your four-digit security PIN and the billing PIN code on file. We are currently offering a promotional discount where you can receive three months of premium access completely free if you choose to switch to our annual billing cycle. Please note that any changes made to your account during this phone call will take approximately twenty-four to forty-eight hours to fully reflect on your online dashboard. If you happen to experience any login issues after the transition, we highly recommend clearing your browser cache and cookies before attempting to reset your password. I have just sent a confirmation SMS and email to the address on your profile, so please check your phone if you do not see it in your inbox within the next ten minutes.",T6_ideal_1.wav,T6_synth_rushed_pace_sev3.wav,rushed_pace,3,Please note that any changes made to your account during this phone call will take approximately twenty-four to forty-eight hours to fully reflect on your online dashboard.,synthetic_perturbation,CC-BY-4.0,yes,phone,indoor_quiet,clean,8260f969b8b682cae019ee1f3c0b024f2a4bfa0213f8893ba9a76657768025a6,62.05,test,,,SYNTH
S112,T6,SPK01,synth_rushed_pace_sev4,"Thank you for calling the Bharat Telecom customer support center; my name is Priya, and I will be assisting you with your account upgrade today. Before we proceed with changing your subscription plan, I need to verify your identity by asking for your four-digit security PIN and the billing PIN code on file. We are currently offering a promotional discount where you can receive three months of premium access completely free if you choose to switch to our annual billing cycle. Please note that any changes made to your account during this phone call will take approximately twenty-four to forty-eight hours to fully reflect on your online dashboard. If you happen to experience any login issues after the transition, we highly recommend clearing your browser cache and cookies before attempting to reset your password. I have just sent a confirmation SMS and email to the address on your profile, so please check your phone if you do not see it in your inbox within the next ten minutes.",T6_ideal_1.wav,T6_synth_rushed_pace_sev4.wav,rushed_pace,4,Please note that any changes made to your account during this phone call will take approximately twenty-four to forty-eight hours to fully reflect on your online dashboard.,synthetic_perturbation,CC-BY-4.0,yes,phone,indoor_quiet,clean,2b7064d99ff5b4b77785a079b34035054806db976dcf811f7625cec3140e5ba1,61.167,test,,,SYNTH
S113,T6,SPK01,synth_dead_pause_sev1,"Thank you for calling the Bharat Telecom customer support center; my name is Priya, and I will be assisting you with your account upgrade today. Before we proceed with changing your subscription plan, I need to verify your identity by asking for your four-digit security PIN and the billing PIN code on file. We are currently offering a promotional discount where you can receive three months of premium access completely free if you choose to switch to our annual billing cycle. Please note that any changes made to your account during this phone call will take approximately twenty-four to forty-eight hours to fully reflect on your online dashboard. If you happen to experience any login issues after the transition, we highly recommend clearing your browser cache and cookies before attempting to reset your password. I have just sent a confirmation SMS and email to the address on your profile, so please check your phone if you do not see it in your inbox within the next ten minutes.",T6_ideal_1.wav,T6_synth_dead_pause_sev1.wav,dead_pause,1,Please note that any changes made to your account during this phone call will take approximately twenty-four to forty-eight hours to fully reflect on your online dashboard.,synthetic_perturbation,CC-BY-4.0,yes,phone,indoor_quiet,clean,f8124ce96ce314fb1e0a47885bff4fb776670025c51477a25ca2acb5d0de1110,67.32,test,,,SYNTH
S114,T6,SPK01,synth_dead_pause_sev2,"Thank you for calling the Bharat Telecom customer support center; my name is Priya, and I will be assisting you with your account upgrade today. Before we proceed with changing your subscription plan, I need to verify your identity by asking for your four-digit security PIN and the billing PIN code on file. We are currently offering a promotional discount where you can receive three months of premium access completely free if you choose to switch to our annual billing cycle. Please note that any changes made to your account during this phone call will take approximately twenty-four to forty-eight hours to fully reflect on your online dashboard. If you happen to experience any login issues after the transition, we highly recommend clearing your browser cache and cookies before attempting to reset your password. I have just sent a confirmation SMS and email to the address on your profile, so please check your phone if you do not see it in your inbox within the next ten minutes.",T6_ideal_1.wav,T6_synth_dead_pause_sev2.wav,dead_pause,2,Please note that any changes made to your account during this phone call will take approximately twenty-four to forty-eight hours to fully reflect on your online dashboard.,synthetic_perturbation,CC-BY-4.0,yes,phone,indoor_quiet,clean,25b1282ad90e2ab7fb3efd08317bbd193ca4c42308c96fe493bba47fdeb6e915,67.82,test,,,SYNTH
S115,T6,SPK01,synth_dead_pause_sev3,"Thank you for calling the Bharat Telecom customer support center; my name is Priya, and I will be assisting you with your account upgrade today. Before we proceed with changing your subscription plan, I need to verify your identity by asking for your four-digit security PIN and the billing PIN code on file. We are currently offering a promotional discount where you can receive three months of premium access completely free if you choose to switch to our annual billing cycle. Please note that any changes made to your account during this phone call will take approximately twenty-four to forty-eight hours to fully reflect on your online dashboard. If you happen to experience any login issues after the transition, we highly recommend clearing your browser cache and cookies before attempting to reset your password. I have just sent a confirmation SMS and email to the address on your profile, so please check your phone if you do not see it in your inbox within the next ten minutes.",T6_ideal_1.wav,T6_synth_dead_pause_sev3.wav,dead_pause,3,Please note that any changes made to your account during this phone call will take approximately twenty-four to forty-eight hours to fully reflect on your online dashboard.,synthetic_perturbation,CC-BY-4.0,yes,phone,indoor_quiet,clean,4fbe1af9cbafafb500d7ed685315e06aa620ec7eaf4962275286de1c00385773,68.52,test,,,SYNTH
S116,T6,SPK01,synth_dead_pause_sev4,"Thank you for calling the Bharat Telecom customer support center; my name is Priya, and I will be assisting you with your account upgrade today. Before we proceed with changing your subscription plan, I need to verify your identity by asking for your four-digit security PIN and the billing PIN code on file. We are currently offering a promotional discount where you can receive three months of premium access completely free if you choose to switch to our annual billing cycle. Please note that any changes made to your account during this phone call will take approximately twenty-four to forty-eight hours to fully reflect on your online dashboard. If you happen to experience any login issues after the transition, we highly recommend clearing your browser cache and cookies before attempting to reset your password. I have just sent a confirmation SMS and email to the address on your profile, so please check your phone if you do not see it in your inbox within the next ten minutes.",T6_ideal_1.wav,T6_synth_dead_pause_sev4.wav,dead_pause,4,Please note that any changes made to your account during this phone call will take approximately twenty-four to forty-eight hours to fully reflect on your online dashboard.,synthetic_perturbation,CC-BY-4.0,yes,phone,indoor_quiet,clean,0166de91dd8c89d25e84db06906d478dbf3e627f937fefbfcb7d39608f0f05ba,69.32,test,,,SYNTH
S117,T6,SPK01,synth_flat_pitch_sev1,"Thank you for calling the Bharat Telecom customer support center; my name is Priya, and I will be assisting you with your account upgrade today. Before we proceed with changing your subscription plan, I need to verify your identity by asking for your four-digit security PIN and the billing PIN code on file. We are currently offering a promotional discount where you can receive three months of premium access completely free if you choose to switch to our annual billing cycle. Please note that any changes made to your account during this phone call will take approximately twenty-four to forty-eight hours to fully reflect on your online dashboard. If you happen to experience any login issues after the transition, we highly recommend clearing your browser cache and cookies before attempting to reset your password. I have just sent a confirmation SMS and email to the address on your profile, so please check your phone if you do not see it in your inbox within the next ten minutes.",T6_ideal_1.wav,T6_synth_flat_pitch_sev1.wav,flat_pitch,1,Please note that any changes made to your account during this phone call will take approximately twenty-four to forty-eight hours to fully reflect on your online dashboard.,synthetic_perturbation,CC-BY-4.0,yes,phone,indoor_quiet,clean,c66000fe3889785733ae592685e41292e74fcaa8c213e26ff3ed1988ba7c2544,66.82,test,,,SYNTH
S118,T6,SPK01,synth_flat_pitch_sev2,"Thank you for calling the Bharat Telecom customer support center; my name is Priya, and I will be assisting you with your account upgrade today. Before we proceed with changing your subscription plan, I need to verify your identity by asking for your four-digit security PIN and the billing PIN code on file. We are currently offering a promotional discount where you can receive three months of premium access completely free if you choose to switch to our annual billing cycle. Please note that any changes made to your account during this phone call will take approximately twenty-four to forty-eight hours to fully reflect on your online dashboard. If you happen to experience any login issues after the transition, we highly recommend clearing your browser cache and cookies before attempting to reset your password. I have just sent a confirmation SMS and email to the address on your profile, so please check your phone if you do not see it in your inbox within the next ten minutes.",T6_ideal_1.wav,T6_synth_flat_pitch_sev2.wav,flat_pitch,2,Please note that any changes made to your account during this phone call will take approximately twenty-four to forty-eight hours to fully reflect on your online dashboard.,synthetic_perturbation,CC-BY-4.0,yes,phone,indoor_quiet,clean,83c4d1e56614e57b1314f969c8cb37350424e6becacbbb05ab4a3d91f9178d77,66.82,test,,,SYNTH
S119,T6,SPK01,synth_flat_pitch_sev3,"Thank you for calling the Bharat Telecom customer support center; my name is Priya, and I will be assisting you with your account upgrade today. Before we proceed with changing your subscription plan, I need to verify your identity by asking for your four-digit security PIN and the billing PIN code on file. We are currently offering a promotional discount where you can receive three months of premium access completely free if you choose to switch to our annual billing cycle. Please note that any changes made to your account during this phone call will take approximately twenty-four to forty-eight hours to fully reflect on your online dashboard. If you happen to experience any login issues after the transition, we highly recommend clearing your browser cache and cookies before attempting to reset your password. I have just sent a confirmation SMS and email to the address on your profile, so please check your phone if you do not see it in your inbox within the next ten minutes.",T6_ideal_1.wav,T6_synth_flat_pitch_sev3.wav,flat_pitch,3,Please note that any changes made to your account during this phone call will take approximately twenty-four to forty-eight hours to fully reflect on your online dashboard.,synthetic_perturbation,CC-BY-4.0,yes,phone,indoor_quiet,clean,9bce3e317b9b9a5ed99acf366b0dddbe3b5616a37c57b57f74e5d91d62e0c12f,66.82,test,,,SYNTH
S120,T6,SPK01,synth_flat_pitch_sev4,"Thank you for calling the Bharat Telecom customer support center; my name is Priya, and I will be assisting you with your account upgrade today. Before we proceed with changing your subscription plan, I need to verify your identity by asking for your four-digit security PIN and the billing PIN code on file. We are currently offering a promotional discount where you can receive three months of premium access completely free if you choose to switch to our annual billing cycle. Please note that any changes made to your account during this phone call will take approximately twenty-four to forty-eight hours to fully reflect on your online dashboard. If you happen to experience any login issues after the transition, we highly recommend clearing your browser cache and cookies before attempting to reset your password. I have just sent a confirmation SMS and email to the address on your profile, so please check your phone if you do not see it in your inbox within the next ten minutes.",T6_ideal_1.wav,T6_synth_flat_pitch_sev4.wav,flat_pitch,4,Please note that any changes made to your account during this phone call will take approximately twenty-four to forty-eight hours to fully reflect on your online dashboard.,synthetic_perturbation,CC-BY-4.0,yes,phone,indoor_quiet,clean,f6f957cb24c45d291a4a0fb5daabc4af326ebfdef2990ffcfc9c7b8ee44ccdd7,66.82,test,,,SYNTH
S121,T6,SPK01,synth_mumbled_clarity_sev1,"Thank you for calling the Bharat Telecom customer support center; my name is Priya, and I will be assisting you with your account upgrade today. Before we proceed with changing your subscription plan, I need to verify your identity by asking for your four-digit security PIN and the billing PIN code on file. We are currently offering a promotional discount where you can receive three months of premium access completely free if you choose to switch to our annual billing cycle. Please note that any changes made to your account during this phone call will take approximately twenty-four to forty-eight hours to fully reflect on your online dashboard. If you happen to experience any login issues after the transition, we highly recommend clearing your browser cache and cookies before attempting to reset your password. I have just sent a confirmation SMS and email to the address on your profile, so please check your phone if you do not see it in your inbox within the next ten minutes.",T6_ideal_1.wav,T6_synth_mumbled_clarity_sev1.wav,mumbled_clarity,1,Please note that any changes made to your account during this phone call will take approximately twenty-four to forty-eight hours to fully reflect on your online dashboard.,synthetic_perturbation,CC-BY-4.0,yes,phone,indoor_quiet,clean,6153107e3594325a424486f1b55fc88d36329db8f125851b9be7806b43bd055d,66.82,test,,,SYNTH
S122,T6,SPK01,synth_mumbled_clarity_sev2,"Thank you for calling the Bharat Telecom customer support center; my name is Priya, and I will be assisting you with your account upgrade today. Before we proceed with changing your subscription plan, I need to verify your identity by asking for your four-digit security PIN and the billing PIN code on file. We are currently offering a promotional discount where you can receive three months of premium access completely free if you choose to switch to our annual billing cycle. Please note that any changes made to your account during this phone call will take approximately twenty-four to forty-eight hours to fully reflect on your online dashboard. If you happen to experience any login issues after the transition, we highly recommend clearing your browser cache and cookies before attempting to reset your password. I have just sent a confirmation SMS and email to the address on your profile, so please check your phone if you do not see it in your inbox within the next ten minutes.",T6_ideal_1.wav,T6_synth_mumbled_clarity_sev2.wav,mumbled_clarity,2,Please note that any changes made to your account during this phone call will take approximately twenty-four to forty-eight hours to fully reflect on your online dashboard.,synthetic_perturbation,CC-BY-4.0,yes,phone,indoor_quiet,clean,02c5f031275caea87d001dc77bedee71446eb9b8b831f07165d56feba3a43b8d,66.82,test,,,SYNTH
S123,T6,SPK01,synth_mumbled_clarity_sev3,"Thank you for calling the Bharat Telecom customer support center; my name is Priya, and I will be assisting you with your account upgrade today. Before we proceed with changing your subscription plan, I need to verify your identity by asking for your four-digit security PIN and the billing PIN code on file. We are currently offering a promotional discount where you can receive three months of premium access completely free if you choose to switch to our annual billing cycle. Please note that any changes made to your account during this phone call will take approximately twenty-four to forty-eight hours to fully reflect on your online dashboard. If you happen to experience any login issues after the transition, we highly recommend clearing your browser cache and cookies before attempting to reset your password. I have just sent a confirmation SMS and email to the address on your profile, so please check your phone if you do not see it in your inbox within the next ten minutes.",T6_ideal_1.wav,T6_synth_mumbled_clarity_sev3.wav,mumbled_clarity,3,Please note that any changes made to your account during this phone call will take approximately twenty-four to forty-eight hours to fully reflect on your online dashboard.,synthetic_perturbation,CC-BY-4.0,yes,phone,indoor_quiet,clean,9141bba0290be8b74db691f18a1780f1de86bfd0bfc648c483094c95028e2173,66.82,test,,,SYNTH
S124,T6,SPK01,synth_mumbled_clarity_sev4,"Thank you for calling the Bharat Telecom customer support center; my name is Priya, and I will be assisting you with your account upgrade today. Before we proceed with changing your subscription plan, I need to verify your identity by asking for your four-digit security PIN and the billing PIN code on file. We are currently offering a promotional discount where you can receive three months of premium access completely free if you choose to switch to our annual billing cycle. Please note that any changes made to your account during this phone call will take approximately twenty-four to forty-eight hours to fully reflect on your online dashboard. If you happen to experience any login issues after the transition, we highly recommend clearing your browser cache and cookies before attempting to reset your password. I have just sent a confirmation SMS and email to the address on your profile, so please check your phone if you do not see it in your inbox within the next ten minutes.",T6_ideal_1.wav,T6_synth_mumbled_clarity_sev4.wav,mumbled_clarity,4,Please note that any changes made to your account during this phone call will take approximately twenty-four to forty-eight hours to fully reflect on your online dashboard.,synthetic_perturbation,CC-BY-4.0,yes,phone,indoor_quiet,clean,c09e4cf08c9bb9df0d7aa498ca07d8598c1e8b35aa0df7a1d82f06e01533aaf3,66.82,test,,,SYNTH
